hex_id,F1,F2,F3,F4,F5,class_km
8808b49203fffff,-0.48352442248492755,-0.08190270982195556,-0.2196681600874984,-0.4371856831482461,-0.6965404914830224,2
8808b49209fffff,-0.21750280491616103,0.08181905170893737,-0.379532368540217,-0.3941278048058564,-0.9025836087038989,2
8808b4920bfffff,-0.41981077122602933,0.006072102975904367,-0.2199286057047869,-0.4332394918993407,-0.7447279564837621,2
8808b49215fffff,-0.40151559830205724,-0.1716252267167051,-0.18453235027880532,-0.4254894817029678,-0.7306416379269409,2
8808b49219fffff,-0.34576963523321225,-0.1912302028391677,-0.1847419331034109,-0.5762653861907798,-0.7128181393881391,2
8808b4921bfffff,-0.22593603760049846,-0.16818878461683764,-0.30409805726008426,-0.5405568893877227,-0.8975770409943092,2
8808b4921dfffff,-0.39222992658859446,-0.18409093885235214,-0.13095896769436127,-0.43137247262383777,-0.7219355429242733,2
8808b49241fffff,-0.18732753337779234,0.24639992750930273,-0.38886384183790224,-0.33100049438098544,-0.9545690799937404,2
8808b49243fffff,-0.11856176306970395,0.18149123168854525,-0.4168757325823125,-0.46744925906507473,-0.950878558734614,2
8808b49245fffff,-0.29863840941594444,0.21811641970657453,-0.262027671325583,-0.3050524330623207,-0.8143486224479608,2
8808b49247fffff,-0.27852442379449577,0.2529297290736246,-0.3036442001841285,-0.2714439127366832,-0.9544570051750739,2
8808b49249fffff,-0.12814302795428295,0.41951533573821004,-0.1810749986023886,-0.45321204896184053,-0.7879699290811788,2
8808b4924bfffff,-0.13351461714386842,0.26152284676047954,-0.4313885646333181,-0.4866559699296153,-0.9501771197540251,2
8808b4924dfffff,-0.15808898327941256,0.6141338315527722,-0.05789596309449019,-0.7071444123263637,-0.9829148943201717,2
8808b49251fffff,-0.315291517489104,0.07598185181023998,-0.29638977416495865,-0.5011852562377793,-0.7162409878712519,2
8808b49253fffff,-0.4222162509674692,-0.03389245622102361,-0.23786793049895855,-0.42983001907483825,-0.7663935404461584,2
8808b49255fffff,-0.2531739234778159,0.0763624012067037,-0.3534965923123361,-0.41210613666621726,-0.8889312027802336,2
8808b49257fffff,-0.3874967553452492,-0.004074605473810333,-0.30486558025036564,-0.39180710552616255,-0.7663827324502717,2
8808b49259fffff,-0.2073535680548937,0.08209855016975423,-0.44823855315173267,-0.42278642069910805,-0.8762168452264095,2
8808b4925bfffff,-0.24749850496651854,0.02470168283739379,-0.40074659634775667,-0.4758642271267111,-0.7464385817158282,2
8808b4925dfffff,-0.18449760453691272,0.22273990114382194,-0.5468681530983177,-0.4132679876421504,-0.8940323057927334,2
8808b4928bfffff,-0.30862131726022396,-0.14065209387730812,-0.34999727019372956,-0.4601629479830617,-0.8009019786341802,2
8808b49291fffff,-0.48717915545866136,0.0481311714096819,-0.22834593119732044,-0.5248004809251482,-0.8429384917148532,2
8808b49299fffff,-0.48034703090573805,0.014327990129307439,-0.2226850047638037,-0.48305751408734676,-0.8037386055529154,2
8808b4929dfffff,-0.4991679269766221,0.008281210855609566,-0.25573208812598075,-0.4426242322058179,-0.8434415217848915,2
8808b492c1fffff,-0.06878833723641792,-0.2630871129569196,-0.3098285284318888,-0.6021293504820051,-0.9909557476254593,2
8808b492c5fffff,-0.27020141562973826,-0.3755705390185035,-0.18709907218620858,-0.41305587880468425,-0.7893971985325345,2
8808b492c7fffff,-0.05376186049475212,-0.24458441558229854,-0.3325517595675825,-0.5953659085305039,-0.996315124623268,2
8808b492c9fffff,-0.17128449587444233,-0.2342016419882915,-0.23532997506057435,-0.4844477024583782,-1.002225457498746,2
8808b492cbfffff,-0.22010327968582172,-0.2598215908083628,-0.337737391900928,-0.34373969641712177,-0.8292357379390979,2
8808b492cdfffff,-0.2043643902629882,-0.2543233087133995,-0.2084771199476999,-0.49556593620070044,-0.9722368110640842,2
8808b492d1fffff,-0.36672243910159047,-0.08701667613006729,-0.3529906327348924,-0.4094683243732141,-0.7736996920656869,2
8808b492d3fffff,-0.5378863353909672,-0.013023857316227794,-0.25136157523367236,-0.3449405311856266,-0.8295211959125419,2
8808b492d5fffff,-0.2581262689499632,-0.1548012421329343,-0.30911491215977144,-0.4948707377588121,-0.8503505849606245,2
8808b492d7fffff,-0.3606930998920588,-0.09031391777710787,-0.29363231180550114,-0.43335839365545736,-0.8131460586243978,2
8808b492d9fffff,-0.26225026659438855,-0.11953823665436944,-0.2921264483070792,-0.4518408694547563,-0.8071510001720772,2
8808b492dbfffff,-0.46399871613337274,0.12766018650318903,-0.29218952216782806,-0.5031654020869253,-0.9163697048467327,2
8808b492ddfffff,-0.24739418789831247,-0.24339699127434306,-0.2658187680482018,-0.44040016991746855,-0.8733016492359639,2
8808b49641fffff,-0.6517209834738129,0.37878560818305035,0.3375751948173395,-0.6788078412476761,-0.893078254205269,2
8808b49643fffff,-0.4546738700508471,0.19330271660841464,0.13228371389893093,-0.6716157132023332,-0.9394748331796992,2
8808b49645fffff,-0.6176442066698857,0.5803543795847173,0.33418219034092944,-0.656781738801272,-1.227556156374054,2
8808b49647fffff,-0.6165946494749577,0.3477439929059782,0.2726949376969809,-0.5983349881895684,-0.8999139612852359,2
8808b49649fffff,-0.5560051632998103,0.5529362675043004,0.2895544402104514,-0.6642646705720989,-1.168261362379735,2
8808b4964dfffff,-0.6851625652801403,0.7951417959209854,0.29298208392929,-0.718388441711075,-1.1449873699024273,2
8808b49659fffff,-0.49256530707864304,0.06553165517758813,0.008891091494987569,-0.6913356437074499,-0.805517489472919,2
8808b4965bfffff,-0.4250646514843493,0.0009328852351563888,-0.10051861476847343,-0.7130135375952441,-0.7564505432126585,2
8808b4966bfffff,-0.8268325610728571,0.629327789084446,0.4069794192713486,-0.5114164952322607,-1.0334879916159885,2
8808b49687fffff,-0.2471458496270788,-0.5740761618318336,-0.3385105960486944,-0.6797644485643052,-0.5276277118870657,5
8808b49693fffff,-0.13915015044730356,-0.858289506992498,-0.3258760733877687,-0.7993359627038745,-0.2963015376863198,5
8808b49697fffff,-0.3494194216220681,-0.6789391759897957,-0.3034644296079928,-0.5732486053269142,-0.5661402654670913,5
8808b4969bfffff,-0.12214137865742997,-0.8703910888882231,-0.34879514566252434,-0.8090936906332592,-0.2646143519717651,5
8808b496a1fffff,-0.2841857220814269,-0.5090573787711495,-0.39069522163948833,-0.5728208237952871,-0.6032987395399576,5
8808b496a3fffff,-0.2482995576975358,-0.4711769843452075,-0.37013487740723094,-0.6551904315415498,-0.5999095897559448,5
8808b496b5fffff,-0.272961854480673,-0.6104036981480713,-0.32549541455778763,-0.6752700763649464,-0.4111101222881935,5
8808b496d3fffff,-0.26226767353232205,-0.8592839565187038,-0.26565590101845715,-0.7803339158914288,-0.03511197105496888,5
8808b496d5fffff,-0.4456959153837204,-0.6024498327952211,-0.253406447386963,-0.5257677874771758,-0.4379427746078966,5
8808b496dbfffff,-0.2522003259681271,-0.864897156772809,-0.30007169124466615,-0.7230401634956586,-0.019810613651382425,5
8808b496ddfffff,-0.38758999740446654,-0.6205970361774019,-0.22614231151729408,-0.6150100077858908,-0.44499199376296567,5
88099a2055fffff,0.3532180777290412,0.2620204362977451,0.05962646302153468,1.2557442328733028,-0.8301582283892267,7
88099a2083fffff,1.0966690290477354,0.4728956976460498,-0.568714625227783,0.735858505428827,-1.2124692211015966,2
88099a2197fffff,0.5194171523298705,0.6809261585547339,0.05677189998852816,1.318256008819599,-0.7452193905157729,7
88099a21b3fffff,0.18090549663500288,0.4551579896033168,0.6937499833289735,1.0129481706780876,-0.5384156277129314,1
88099a21b7fffff,0.32562328925726297,0.06757656816899249,0.4337683017584449,1.3675600960833358,-0.8751991998847239,7
88099a2403fffff,2.7560036369649294,0.9759056068748387,-0.6374206418096192,0.3395402554919582,0.6508186886326925,3
88099a2405fffff,3.9054498158183955,0.20693054959665724,-1.3604902979792892,-0.2790171085232287,-0.005073941361519951,3
88099a2407fffff,3.8441951988752012,0.38678314520105395,-1.326504012770458,-0.08567050380037866,0.330187050323691,3
88099a240bfffff,2.4483989226817098,1.1081786140043703,-0.9785214363708459,0.4946823133726066,0.28451944382237304,3
88099a2411fffff,2.79212279553305,0.3345573194965211,-0.6022598378158457,1.6473175626006635,0.47319576571016797,3
88099a2413fffff,2.5931066571547863,1.24386068186339,-0.4885787178108444,1.1954303528622874,1.200629871911481,3
88099a2415fffff,2.703468595560677,1.209846819336874,-0.6244397337228667,0.31168555437615186,1.0060221733623358,3
88099a2417fffff,2.3803734903585196,1.3963958723608654,2.8363226208747685,0.09324876112305525,1.0326017824199103,1
88099a2419fffff,1.9300690865638637,0.8221579462988923,-0.035900859797496354,1.5560931864532312,0.8147332160366212,3
88099a241bfffff,2.921249880784541,0.41399084467205427,-0.5063546748793649,1.3055205157625012,0.5786035212183291,3
88099a241dfffff,2.4277032163129784,1.280231746413489,-1.1567040689893302,0.3627654756813956,1.1119791025315062,3
88099a2421fffff,5.18804639468878,-0.10302075237432429,-1.7042521380839857,-0.3608399931255022,0.1498515638095841,3
88099a2423fffff,5.20983437756815,0.6719256164209602,-0.11436208802056269,-2.420649819193528,0.6951025774620023,3
88099a2425fffff,5.319011034116665,-1.3446824747475783,-1.795995842740303,0.32648128933474174,0.006911663912456678,3
88099a2427fffff,6.346352394041682,-1.3561744638396487,-0.17173224387387687,-0.6041295825333752,-0.38353569416158884,3
88099a2429fffff,4.172638897278021,0.2613496678634516,-1.835665429787342,-0.2760362714831248,0.40349440035021367,3
88099a242dfffff,4.323175801625252,-0.36899125068150634,-1.5458681702117698,-0.12536607266942879,0.41225315513655236,3
88099a2431fffff,3.4505775404603676,0.6550140899670653,3.6034262060782143,-2.576781684451278,1.7585653334358695,6
88099a2433fffff,1.3630703240038855,-0.8919455252041701,7.584378675283366,-1.2983059026298358,2.948663315724262,6
88099a2435fffff,4.699328627302727,0.4868679078837479,1.270750330440352,-2.713124411125449,2.2613217745539593,3
88099a2437fffff,2.6175901935400736,0.004821303096834484,6.359426613076261,-2.800909689259964,2.5723367665844368,6
88099a2439fffff,3.4170615614169684,0.48697694052457213,1.257519828096453,-1.0681920745173437,1.124478920163795,3
88099a243bfffff,2.648265095035061,-0.6236067657419853,6.571111396458236,-0.7631937973358367,1.7607523889407002,6
88099a243dfffff,4.818207104954639,0.9972913539244596,0.39355947676084213,-2.2184087748256403,0.8245947850658684,3
88099a2457fffff,1.9740937608863547,1.1333647927036612,-0.6218093867954212,0.8044548976463326,0.6113273871355824,3
88099a2481fffff,0.10270177001443193,4.045951229147821,-0.4825669252619755,-0.6523672673453003,1.7906804063141724,4
88099a2483fffff,-0.9714648745965855,3.7826844532194706,0.268961471935218,-0.6590127689262282,1.9307220194033585,4
88099a2485fffff,1.9667509477602105,3.4988088496326997,-0.011684892374127509,-2.4432481843326874,3.909335989852198,4
88099a2487fffff,0.5209472246604872,3.6459778795038837,-0.01499714291709782,-0.9048346235597655,1.9106072868902975,4
88099a2489fffff,1.5852299036320927,2.1142832706068933,-1.2260110551010575,-0.5658622056607261,1.9005443496692553,4
88099a248bfffff,0.431347916079164,3.0961378712197636,-0.6093095101752766,-1.0376207793555394,1.918900788951902,4
88099a248dfffff,3.1083946419919553,1.9217102909508303,-0.9193597303155709,-1.6368196823686532,2.492018602294753,3
88099a2491fffff,-1.6072649147724283,3.8647661621067435,0.6519762511755097,-0.4976178246896414,1.3618926494315136,4
88099a2493fffff,-1.9266237441708536,3.823509612498068,0.96857679325335,-0.5281973422848752,1.1629839873213128,4
88099a2495fffff,-1.7668754345101727,3.446306906388876,1.2982821339879447,-0.4537495975416553,1.949464319331407,4
88099a2497fffff,-1.5679071220814,3.5298931890409984,0.9241601362213931,-0.21610158071625488,1.1503104065623777,4
88099a2499fffff,-0.517422546458844,3.0041328210004177,0.02685653752300366,-0.609388215293678,1.101524367015874,4
88099a249bfffff,-0.9164488154971846,3.5633871994681234,0.2506700299192478,-0.3433613411570945,0.6135975505837383,4
88099a249dfffff,-0.8291622739200721,4.121027318669465,0.45932020009624774,-1.1864746734627876,1.3414127881088103,4
88099a24a7fffff,-0.568642882650573,3.323180512178869,-1.2520259251478643,0.4380653513800978,2.0179063937728703,4
88099a24a9fffff,2.359305451517543,2.5707769070097366,1.0918760000350787,-2.8693626136489714,3.2917653797123,4
88099a24abfffff,0.7863469715198197,3.8197486241595673,-0.4128150660600748,-1.2924033168682485,2.1779686498790873,4
88099a24adfffff,2.0553868983248993,2.045348729080115,1.1418230562971168,-1.517104517429312,3.06227580070626,4
88099a24b1fffff,-1.0848626263248298,2.5838852605343625,1.1925037197250552,-0.30445423213448763,1.5220028973355608,4
88099a24b3fffff,-1.5034779403018566,3.3276431877617134,1.3259629622693572,-0.05855578692009278,1.2819429387079666,4
88099a24b5fffff,-1.0269137960518564,3.3710017695380765,0.9431801470435303,0.04097821217788769,1.5575254719843445,4
88099a24b7fffff,-1.4028373893715678,2.803526247897521,1.0235369578863858,0.3676062702553359,1.6762665091326385,4
88099a24b9fffff,-1.677938620954048,3.4245121432683012,0.9003500525599767,0.14973938654448862,1.8776137634200127,4
88099a24bbfffff,-1.5226748105750745,2.883099172260318,0.9756454992249166,0.4739308406034586,1.150328847644117,4
88099a24bdfffff,-1.2747348501732687,3.4597964167273423,0.4466860494066769,0.4629869084328765,2.0964510215071335,4
88099a24c1fffff,1.4450144588788123,1.8107737228433323,-1.5392252224574303,1.521682397044598,1.0765479134701073,0
88099a24c5fffff,2.3769123114441326,2.7458501117757024,-0.8238721309568547,0.12418718966799025,0.8760487879000614,3
88099a24c7fffff,2.831943358457299,1.6261759022126676,-1.3517433908653345,-0.4323515549577177,0.7339043979395574,3
88099a24c9fffff,0.9058707052089576,1.6291216273768874,-1.281851168493072,1.5433744276432542,1.2333558430394111,0
88099a24cdfffff,1.8949945807755022,1.5886719253072246,-1.048808142529066,1.1202230878562909,1.5488403489083886,3
88099a24d3fffff,0.16583539534488018,1.3836473905234161,0.7295364516534206,0.14916062093886218,0.7602455430490243,0
88099a24d7fffff,0.589699348374508,2.5368036981715623,-0.3363262018742549,-0.197642274493388,1.3328847523211018,4
88099a24d9fffff,-0.11127420690809692,-0.3498540056590756,1.187160103071042,2.2048274905079497,0.42109664827893345,7
88099a24dbfffff,0.14650492981206611,-0.6619392740341926,1.9335996729724811,1.2785230207706895,0.2965025760632194,7
88099a24e1fffff,0.33856636803781326,1.2233319452980291,7.195116410406836,-1.6470971957560918,3.3652327543655454,6
88099a24e3fffff,2.649687458636785,1.9626492901627888,1.5656750739071155,-2.8970989294794838,3.625026889349231,4
88099a24e5fffff,0.8803451601230101,0.02272677520560018,7.908925932114488,-1.259870176966273,2.7509176463308336,6
88099a24e7fffff,1.835963031268136,0.5264542205094258,5.901947174102023,-2.1551036335600604,2.978074967016023,6
88099a24e9fffff,2.2769746643861923,2.148391966011027,2.5912306818404236,-1.4398120714255738,1.982611399434329,4
88099a24ebfffff,1.7452027282942078,2.7863417465115545,1.8764277507617568,-1.3462060768917552,2.7408402124672024,4
88099a24edfffff,0.6461805323212784,-0.30116479120972106,8.392538012604632,-0.5603974426641054,2.8601612658310436,6
88099a2505fffff,0.8072655866909175,-0.06878380845474341,-0.2797251647233444,1.3879460190437012,-0.3692992521844898,7
88099a2507fffff,1.105954250684001,-0.08080878094423766,-0.3841787923229931,1.4489596843541295,-0.5370500071477897,7
88099a2513fffff,5.264290884110525,-1.7416917555215659,-1.3137803173580072,1.1377403850532541,-0.18780134361507816,3
88099a2517fffff,2.4106550698441573,-0.5528699230002139,-0.9353264308136864,1.3584517890700911,0.15375597083108272,3
88099a2519fffff,4.269553806695932,-0.9873358673602837,-1.5771932077258368,1.2673756695665268,-0.19650289354904238,3
88099a251dfffff,3.31591817581263,-1.1229609205702116,-1.1738700319784634,1.6501039718418198,-0.12508034758878617,3
88099a2521fffff,0.28571691987112513,0.0026826260600700813,0.0031178785568044542,1.8325923588330597,-0.1632597743920764,7
88099a2523fffff,0.7152257927759479,0.14174781568413708,-0.08850687801120127,1.2722798074315889,-0.6232758832925753,7
88099a2527fffff,0.5254176601353545,-0.05317309031278972,0.2725007148170765,1.494709762232451,-0.6866916192364187,7
88099a2529fffff,0.7151091424170076,0.17117283822496399,-0.32250748930663725,1.427994536935926,-0.32505071686236375,7
88099a252bfffff,0.6906765065065454,-0.014430197507386833,-0.16962596440370842,1.4332096561270289,-0.31616661788437694,7
88099a2531fffff,0.33057802250423773,0.11174625625512813,0.15326439001342318,2.257783459041216,-0.6521907912787364,7
88099a2533fffff,0.7011084002701051,-0.18655079189505175,-0.8306658786222904,2.8414323141516986,0.14781482435103466,7
88099a2535fffff,0.546258951790152,-0.025497209443954394,0.3711780264753486,1.6569366777677597,-0.7221546054984024,7
88099a2537fffff,-0.03619359531121846,-0.2123289414561509,0.7413763027166337,2.752828318286689,-0.23274138848757706,7
88099a253bfffff,1.7350522178490377,0.0879721028027062,-1.197513399918728,1.7371900303306744,0.42390147267126566,3
88099a2557fffff,3.01489267627264,-0.6287003839652334,-1.674061455638375,2.0924482001009372,-0.3287054705916489,3
88099a255bfffff,4.333611039441232,-0.8379864344042106,-1.9537769370674882,0.7972697422480959,-0.4646123497050867,3
88099a256dfffff,1.011761047764827,0.39551997496719793,-0.6642834126049834,1.0295751150978325,-0.6779219483095404,2
88099a2581fffff,3.502737381597218,-0.4209707723753688,-2.0251453530024337,1.5691843976594282,-0.09028777296206769,3
88099a2583fffff,2.06657584534188,-0.11703275760801346,-1.8239688374801257,1.5185733243758417,0.6737565580820988,3
88099a2585fffff,1.85991088469236,-0.2100700813035416,-1.965686429383654,1.9256382592507264,0.18698184252178335,3
88099a2587fffff,1.3747107406192742,-0.22179560407160337,-1.4558505227508156,1.0915471916473145,0.9198056521227318,0
88099a2589fffff,4.65786615986908,-0.10617286402123738,-0.9962292067082248,0.3226016501556215,1.434529832752663,3
88099a258bfffff,3.1791129769537516,1.7020327620445208,-2.1149684682058436,-0.4678771667744055,1.8283391130246416,3
88099a258dfffff,4.397625246649229,-1.3222031648564143,-1.526006765918498,1.5968447875319376,0.4948765731722906,3
88099a2591fffff,0.31510644426876017,1.5887244547462989,-1.8277731055544848,0.4442156552980701,1.2179378069714892,0
88099a2593fffff,-0.23690535246168384,1.2222699858024701,-1.33245572140393,1.1456538017790732,1.2744522688185118,0
88099a2595fffff,0.9168548354796473,0.23073428940226906,-1.4056606238815932,0.6753109304066081,0.5718851481535352,0
88099a2597fffff,-0.07305163289886935,0.9003560632847034,-1.380731749577435,0.9006245714479794,1.3848673287896591,0
88099a2599fffff,2.739393813568081,0.9469568092418773,-2.1919216317198176,-0.4432462595756077,1.5427486836917086,3
88099a259bfffff,0.49718394095053847,2.3358286416346687,-2.0585146284830524,0.25625406456538496,1.1632940542528474,4
88099a259dfffff,1.935839791983319,0.755815202068132,-2.195170183094749,0.8391627026385797,1.4521253589795309,3
88099a25a3fffff,0.22196926885576626,-0.10399145714520397,-1.1390812581368903,1.127839478596905,0.4865920036643402,0
88099a25a7fffff,0.102146077761991,-0.006102173812621181,-0.7929833329469187,0.8403517864105869,-0.15058420035276207,0
88099a25a9fffff,1.02107266574856,0.5253775053217624,-1.302393028004861,0.8882450023074872,0.34958583008853555,0
88099a25abfffff,0.42776863699228146,0.18581404540810081,-1.3701449689344456,1.4722545572611554,1.1202718590661327,0
88099a25b1fffff,0.36610443790227215,-0.1826450864979965,-1.1235552336305856,1.159615334901808,1.1009842273170674,0
88099a25b5fffff,0.10111396717222529,-0.008702407303452953,-0.9261849959495991,1.1548948936329753,0.11078481412155022,0
88099a25b7fffff,0.01593490475538248,-0.0532813191377105,-1.0317011814852977,1.2129795383518815,0.4745751852582059,0
88099a25b9fffff,0.44027588386000194,-0.015378827671119241,-1.1793196546465956,1.6800067336456719,1.080278742881681,0
88099a25bdfffff,0.19466024658213227,-0.17669761053305685,-1.147032655496065,1.0238858641983537,0.9654281631750632,0
88099a25c1fffff,5.560141019626089,-0.48851924039367345,1.115282149238333,-1.7663085716461766,0.6872913362552457,3
88099a25c3fffff,5.515861763942427,-0.6032354125840611,1.4971985578010942,-1.5643104465862017,1.1799324174012926,3
88099a25c5fffff,5.8146828256357,-2.0958328630393064,-0.9849161573507477,0.5299355401226316,0.021251464321946356,3
88099a25c7fffff,5.989475795906686,-1.2065063558258065,-0.8267640291799695,-0.2113886051957774,-0.028097567314340655,3
88099a25c9fffff,5.833227117995564,-1.0649981619204492,0.7878734579642896,-1.3608530162342896,1.0830013645134542,3
88099a25cbfffff,5.078038777408532,0.008229069275884848,1.9268648913276578,-2.0600952517998268,1.3999128034387518,3
88099a25cdfffff,5.719783042377241,-1.8787309959625185,-0.4771552154829073,0.7988495532244888,-0.4537805846391123,3
88099a25d1fffff,2.1323560511954693,1.2500023358447057,4.647338598192688,-2.250751197151547,2.553677811759933,6
88099a25d7fffff,3.4162384344565826,1.9122478917487338,-1.418342360822997,-1.3220552281941251,1.4824553940376122,3
88099a25d9fffff,1.3692832718860761,-1.0264880130906904,8.219270262796313,-0.942569688673947,1.8255868997339655,6
88099a25ddfffff,3.375775545907695,0.36679120870574633,4.366629312563568,-2.69191736924487,2.4175751040969695,6
88099a25e1fffff,1.0907582359172399,-0.1484570672221572,-0.70366009259294,2.054638405875357,0.6407399666670893,7
88099a25e3fffff,1.892607570693449,0.2895909379732471,-1.2774626091393873,0.9851283683375522,0.8168965651224822,3
88099a25e5fffff,0.7957709589509872,-0.13404630498631895,-0.5813292701320445,2.188174746916169,0.49088559970870727,7
88099a25e7fffff,0.3057128290155253,0.024850648631808248,-0.7863646817731345,2.1101351676999025,0.6827846511508621,7
88099a25e9fffff,4.050238154959255,-1.04135830004599,-1.132727834528395,0.7895910019807004,0.31343787426677305,3
88099a25ebfffff,4.668847818313786,-1.4694838541296853,-1.3220460458515049,1.376540207823626,0.2872477052064777,3
88099a25edfffff,1.0869307410154583,-0.2793098673406326,-0.3853466098030499,2.33413970217169,0.6621216626286893,7
88099a2681fffff,0.4617722830414057,0.026369665564401512,0.002730241667103561,2.128762968311175,0.30808195203582533,7
88099a2683fffff,-0.011776362897351067,-0.08784647068034568,0.4905968652108845,2.1566157898468035,0.1446101735374944,7
88099a2687fffff,0.11546752191064902,0.26087710243267936,-0.5098354586246061,1.9255584127578618,0.500648577133823,7
88099a268bfffff,0.006307565498898049,-0.13911315123253565,0.5724564408640876,2.045740150348973,0.35487320508882625,7
88099a268dfffff,0.4783517337998323,-0.29118771632139595,-0.08317314623173777,2.5386907607527505,0.03232608110080781,7
88099a2691fffff,-0.2639800676494761,-0.3221781078231586,1.261161786533626,2.8400920913632737,0.07114343302375603,7
88099a2693fffff,-0.36944135960633623,0.06039684899506029,1.4512955502038363,1.881595275474724,0.0757347655844568,7
88099a2695fffff,-0.23402323714370055,0.037591479450162946,0.7118934297895299,2.5269594450475155,0.08463491774112486,7
88099a2697fffff,-0.3783224714834487,0.3925053699318384,1.6962543854471146,1.676939449741754,-0.19333921835443596,7
88099a2699fffff,-0.029675723140634824,-0.547533242732483,1.7314230699760902,2.788045995786665,-0.057626594359580174,7
88099a269dfffff,-0.11005217463561767,-0.39056246372389974,1.217608461136981,2.381542178379753,0.17155791111189156,7
88099a26a1fffff,1.815035083428803,0.4230290443274023,-1.4345426225963873,1.18327601852921,1.0041088706853878,3
88099a26a3fffff,1.5264641822837532,1.2133439037229892,-1.754703077338762,1.3885007102724105,0.8204778946434573,0
88099a26a5fffff,2.4495272189935426,0.3921107993797478,-0.14878453474826492,1.5749651769375475,0.17248467429246706,3
88099a26a7fffff,1.4188671653129807,1.0402901702666745,-1.2937990340513545,1.9321035449245947,1.0254760166920738,0
88099a26abfffff,0.7437308222343927,0.3425441200039284,-1.2349803655285012,1.4922081835740915,0.8323394563827161,0
88099a26b1fffff,0.10332733912613873,0.2337070708791893,0.2807930935674233,1.1044010483829831,0.6096543548194118,0
88099a26b3fffff,0.037297883614323624,-0.2800483551573698,1.3850120111451736,1.1829618493009115,0.5966144755210552,7
88099a26b5fffff,1.3471619330192621,0.5937825109970911,-1.2257267164611108,1.3395848758499342,0.6474941499874824,0
88099a26b7fffff,0.7350269873046911,-0.3500934306752146,0.5103880918165097,1.470326650464027,0.9481432058693708,7
88099a26b9fffff,0.013029527523926776,0.458631729312322,-0.2988517168343652,1.3601084874545808,0.5181343300071326,0
88099a26bbfffff,-0.11310093516666725,0.14931670059768984,0.9918593206376496,1.4155010751463601,0.4655863336871614,7
88099a26bdfffff,0.28870217390796815,0.25872419302410743,-1.0148419935862885,2.1700854126191977,0.660159596471836,7
88099a26d3fffff,0.0729456823679207,-0.46612159579716206,1.529352950637513,2.314669486119687,-0.3178602653523754,7
88099a26d7fffff,-0.25483597494504345,-0.26160829610627956,1.1740912890738846,2.674459532138987,0.0313473617557114,7
88099a2881fffff,-0.03306635840539168,0.807953164689148,0.31066450548859725,-0.7723057077701788,-1.344441478304839,2
88099a2883fffff,-0.40461096886590187,1.261321570359165,0.21291162057657587,-0.7639984141825537,-1.2009029751482119,2
88099a2885fffff,-0.27311058664177756,0.5659030464071888,0.0921755058884451,-0.5092212174500499,-0.8311319637896138,2
88099a2887fffff,-0.2018646660665531,0.4124052718384298,0.07874564672684126,-0.30126829086754336,-0.4749693859464363,2
88099a2889fffff,-0.4053453210784035,0.9659542324362221,2.1321655987858312,-1.0885612867634946,-1.343295621625524,1
88099a288bfffff,-0.3382135360399866,1.2776918751245403,1.0911132444178637,-0.7344305790491668,-1.258765299715952,1
88099a288dfffff,-0.11785476898103159,1.1704531030868777,0.8754886504486172,-0.8209542315673883,-1.5134605387924787,2
88099a2891fffff,0.1279730745226274,0.30982748203448046,0.07423273379069556,-0.3543478257673822,-1.2580326961414576,2
88099a2895fffff,0.0919949691441343,0.9339958487202051,-0.05250629407686827,-0.8120530773361014,-1.3952476313591715,2
88099a2897fffff,0.01014508515557827,0.31252754414638245,-0.35598186926102476,-0.58493301394553,-0.9684836791597382,2
88099a2899fffff,-0.03025770556965468,0.4999731837611076,0.5268911029506195,-0.39030868066173285,-1.283492768429134,2
88099a289bfffff,-0.06816772985483058,0.24910793521503807,0.4556676645638692,-0.24241719054806604,-1.1364399586954887,2
88099a289dfffff,-0.23445704610960444,0.71455149852557,0.5768951089995707,-0.5445547098578785,-1.050368607733132,2
88099a28a1fffff,-0.2228159803648784,0.16027120571890352,0.024684826363240403,-0.16827029566735274,-0.8373831708668424,2
88099a28a3fffff,-0.12186237944533806,0.29263830527784995,-0.02502394148064288,-0.371774595499079,-0.9619260951314892,2
88099a28a5fffff,-0.3496507807277922,0.4265589407622902,0.12293267704577451,-0.2817222207316996,-0.8106794126272352,2
88099a28a7fffff,-0.5359240278995324,0.597711797369187,0.20617162441235648,-0.30422500006298747,-0.8342628036902663,2
88099a28a9fffff,-0.49080224260136507,0.41513817721231205,0.6199382694704917,-0.23735498076837214,-0.8738613437559045,2
88099a28abfffff,-0.20039486364370387,0.26909306155807433,0.07822151726240371,-0.30494731210704684,-0.6837967810248007,2
88099a28adfffff,-0.36558243089567927,0.3863243730421364,0.2294979886268088,-0.4619631318041707,-0.7858567519571924,2
88099a28b1fffff,-0.3012335028557247,0.46229925813168604,-0.420772486482831,-0.4679101302486835,-0.7249068139587296,2
88099a28b3fffff,-0.05716077001331832,0.33461079961773865,-0.40225714575374166,-0.5445807830086696,-0.9633769401195486,2
88099a28b5fffff,-0.4689661150043086,0.47909318484707003,-0.3261948927627957,-0.24494148830166718,-0.6150323624926212,2
88099a28b7fffff,-0.17438604989714312,0.35747195324091957,-0.547652592430221,-0.48148380450403117,-0.8617986728779021,2
88099a28b9fffff,0.08637500427374414,0.33318227688776453,-0.18735269218384784,-0.5141619564283596,-0.9224207039334746,2
88099a28bbfffff,-0.024004753247917454,0.4180351940177293,-0.382030804083477,-0.8152169956667413,-0.664868421286908,2
88099a28bdfffff,-0.051665034695228707,0.35623675290939594,-0.30159741131760687,-0.37628171658546195,-1.0201547982461858,2
88099a28c3fffff,-0.20685251579874597,0.6764939625327282,2.0607335272927174,-0.6297367941076256,-1.6693034290018867,1
88099a28c7fffff,-0.6791911077800272,1.2530808350025195,1.9640354367488988,-0.8474980295965423,-1.2243121142382247,1
88099a28d1fffff,-0.2569661977864555,0.5811991670671219,1.521344031101136,-0.4980645392273738,-1.0438514677185922,1
88099a28d3fffff,-0.08190206949952578,0.44399611699439284,1.244374937192987,-0.4267766474896607,-1.023375153953982,1
88099a28d5fffff,-0.4036432360550001,0.4888639248248047,2.136124743346997,-0.9713108132772013,-1.2453113228401036,1
88099a28d7fffff,-0.09065583512798606,0.9876026202937701,1.1270542591214467,-0.9038488592862626,-1.2132956381990996,1
88099a28d9fffff,-0.24285262335762658,-0.08278221629423865,1.672539577837726,0.04555785572156573,-1.1158003502762557,1
88099a28dbfffff,0.16076773872368155,0.010427198927810966,1.455742865248337,-0.15400129179539132,-1.3296109944736805,1
88099a28ddfffff,-0.07537997870979751,0.3441780121763526,1.5173077333399585,-0.5878192587024298,-1.3889292753989952,1
88099a28e1fffff,-0.20268832142614537,0.6307331360068946,0.1401580253154225,-0.4866538603167677,-0.8140891203802103,2
88099a28e3fffff,-0.37055547563319835,0.6782544401621197,0.2076120759021065,-0.31999829826054743,-0.8012529018128944,2
88099a28e7fffff,-0.32226223882492444,0.5893302572969518,0.2692284184914432,-0.5464784641884091,-0.8395058730891142,2
88099a28ebfffff,-0.3910642069313951,1.1000270224833921,0.4066762789816867,-0.7604967553428691,-0.9735521972736159,2
88099a29dbfffff,-0.38142168811343835,0.5845676320656562,0.3637703365755908,-0.6381078322548257,-0.755692972008513,2
88099a2a93fffff,0.12786489879420715,0.5014321334115015,0.3201942726750311,-0.0845706286819227,-0.6652265434284401,2
88099a2a97fffff,0.31292875586060953,0.12020903094654989,0.8555276549199974,-0.25034547541889046,-1.0926341490397697,1
88099a2ab1fffff,-0.3909588780274417,0.30481412672261654,1.2723061738522115,-0.0974652312812059,-1.102349076979251,1
88099a2ab3fffff,-0.2255231902071727,0.32526745217050657,1.3070178300390325,-0.5275692300773034,-0.8742431026413752,1
88099a2ab7fffff,-0.42635767336606023,0.6271120026800773,1.8701511506624076,-0.4186214013540536,-1.2895574685563977,1
88099a2abbfffff,0.031408768021162325,0.3100650534855103,1.207065889610185,-0.32835368029156653,-1.449018501783681,1
88099a2c01fffff,0.02841416633590566,1.3705836733836931,-0.7578402726520673,-0.5561800326109351,-1.3761414658388973,2
88099a2c03fffff,0.030058980098876253,1.0725826184364928,-0.8580920934791317,-0.31794452624486447,-1.4159374016700734,2
88099a2c05fffff,-0.14789975440214906,1.263075652577752,-0.5145013044657,-0.6409941422712546,-1.2491571097899128,2
88099a2c07fffff,0.02534691877372286,1.1016340272154674,-0.6097150149184258,-0.8108998010257276,-1.3549524972138245,2
88099a2c09fffff,0.32107835361618836,1.5107745647001922,-0.37698879241698224,-0.5829155632584386,-1.5791413894660002,2
88099a2c0bfffff,-0.16144572523407102,1.6249582075027738,-0.6250103112274253,-0.36882533520366056,-1.506100091875914,2
88099a2c0dfffff,0.1604748947691053,1.623683786653047,-0.6991300374295568,-0.2867347675202191,-1.3551244430270788,2
88099a2c11fffff,0.18902966240373767,0.195633608610437,-0.646837946102695,-0.20290788356506048,-1.2623978232325113,2
88099a2c13fffff,-0.0713914493167771,0.41820163433767915,-0.6660393180164039,-0.09676609159475963,-1.4021537335638976,2
88099a2c17fffff,0.11137112633646523,0.400211225925856,-0.6156989966826265,-0.2680132538793542,-1.4973979090469658,2
88099a2c19fffff,-0.15118437512543598,0.836012759252655,-0.9919362782477095,0.26923058990968607,-0.8319287250159091,2
88099a2c1dfffff,0.2831916298647588,0.739016226163312,-1.0003357350343838,-0.027793698298333447,-1.4160364501308438,2
88099a2c21fffff,-0.0004226723793689102,0.6389961579966437,-0.30229987013354853,-0.5374608373495533,-1.4815123794282175,2
88099a2c23fffff,-0.004813937756563469,0.8138313555031274,-0.14964186619933478,-1.052447225220109,-1.4896983759435825,2
88099a2c25fffff,0.11397119698334691,0.2598241914734647,-0.23666866209495419,-0.5702156352855807,-1.3259572385108345,2
88099a2c27fffff,-0.07028794414267575,0.2963140205671182,0.16931198640476727,-1.0367684216883528,-1.393750460919592,2
88099a2c29fffff,-0.2158663729611637,1.0532782932033091,-0.6565389256020675,-0.21152382292905386,-1.0585827319241903,2
88099a2c2bfffff,-0.19291529736813728,1.1096698495400754,-0.3175932572495229,-0.8524927385741129,-1.188112525200124,2
88099a2c2dfffff,-0.10485887482975462,0.6840458600336101,-0.2903277646145825,-0.27270568549247576,-1.347569590047415,2
88099a2c33fffff,-0.22907737080026735,0.765391632551321,-0.4577810110130077,-0.6766627248284552,-1.3168630479144803,2
88099a2c35fffff,-0.22283131851412843,0.47131334056820195,-0.3028883850829974,-0.39260717377162396,-1.3192092594159144,2
88099a2c37fffff,-0.20991825127556668,0.6398879892547873,-0.4038959521930092,-0.5608503289123784,-1.2997152978414235,2
88099a2c3bfffff,-0.07139303928813528,0.8610463193625878,-0.4797114029674474,-0.773495330897153,-1.463350785815014,2
88099a2c3dfffff,0.0922984422844687,0.8893290412713503,-0.3898340829932437,-0.9733387788615864,-1.5334983418441595,2
88099a2c41fffff,0.5873694731613821,1.5316589968598964,0.25430239569125623,-0.1483392302860952,-1.970187842317177,1
88099a2c43fffff,0.6086059249198257,1.386119850610474,-0.43174125756653414,0.3280593360820663,-1.8790716218826982,2
88099a2c45fffff,0.23156876096381884,1.6213529096328974,-0.5847044999396042,0.151454910959199,-1.3531496252793223,2
88099a2c47fffff,0.547056446132508,1.7393641690442139,-0.7158465256428039,-0.3740642148821616,-1.4029874095575727,2
88099a2c49fffff,0.25389825604002725,1.2916666327897843,1.635029154982817,0.05714925483955913,-1.8782367674779992,1
88099a2c4bfffff,0.43741510568406516,1.4175426884417415,0.9607545403677945,0.29103838412082345,-2.0227364705747055,1
88099a2c51fffff,0.5549002570922066,1.3057673663438487,-0.4641557277871864,-0.022093891944448496,-1.6501781648140206,2
88099a2c53fffff,0.43225403558512643,0.9327832377117871,-1.04634136988259,0.09563720452375796,-1.4718445560025155,2
88099a2c55fffff,0.7939957436093901,1.2427755663920579,-0.383074539119217,-0.3307043582106875,-1.8554985966197488,2
88099a2c57fffff,0.12125821853156143,1.0182303364964618,-0.5672819681266534,-0.14450770539955704,-1.36306810642744,2
88099a2c59fffff,0.7644098011542483,1.0344664187713888,0.41333619074265127,0.10213325474537593,-1.9610973657504949,1
88099a2c5dfffff,0.9568573519494872,1.1885825575740374,-0.09280534779634941,-0.07660567467048118,-1.8631601878721715,2
88099a2c63fffff,-0.034382255614137464,1.2877418986892093,-0.8666820129648358,-0.2867264315269391,-1.3075990579829533,2
88099a2c65fffff,0.13880373009028246,1.0126304333107523,-0.5615808168238999,0.17446271671901983,-1.431827449487484,2
88099a2c67fffff,0.0994852987493994,0.9050421807090752,-0.5056076527475574,-0.3600428626182697,-1.5383482560831614,2
88099a2c69fffff,0.41873207379833455,0.9070974744975098,-1.0660111814153683,0.47325994376843905,-1.2448446404601285,2
88099a2c6dfffff,0.4376865913294775,1.0062180802811043,-1.0237316126709912,0.48019553918806335,-1.3556416728054903,2
88099a2c85fffff,-0.3237533902190907,0.43160096830870626,0.08593048001240783,-0.5540424536897969,-1.2762325518653743,2
88099a2c87fffff,-0.4199710159125259,0.379386297708524,0.14993430779828207,-0.7160775269886093,-0.9617290925697538,2
88099a2c89fffff,-0.24650313644859628,0.44914691068838714,-0.4362034934215048,-0.48363403100387903,-0.9723534988323949,2
88099a2c8bfffff,-0.2083373293928506,0.1975946678873033,-0.3469382838628818,-0.39397121557218956,-0.8928314536147547,2
88099a2c8dfffff,-0.3215252772038043,0.3737873169300783,-0.19827030147482666,-0.31148930682451587,-1.1416392196698082,2
88099a2c91fffff,-0.21839913866797178,0.20546084833278283,-0.14969595417904724,-0.5746150338884544,-1.044964111786961,2
88099a2c93fffff,-0.05858170840731791,-0.07966617718160918,-0.4504797034042051,-0.40141539900253703,-0.9472557406562813,2
88099a2c97fffff,-0.2727132834251072,0.04243492296041862,-0.05455517068251428,-0.6472381735699332,-0.9781612906385014,2
88099a2c9dfffff,-0.3425825628563517,0.2641329741685572,-0.16707773224715816,-0.3881123392161082,-1.1115833092668845,2
88099a2ca1fffff,-0.5801433801238733,0.39821493316984996,0.3440405863707601,-0.437258252345171,-1.1602266964792747,2
88099a2ca3fffff,-0.7489389857032709,0.3958022524184868,0.5403645157297392,-0.41789889643800476,-1.2191292304210184,2
88099a2ca5fffff,-0.4937863501224262,0.6386696352211575,0.2915908147811934,-0.6843628613147417,-1.3326305778656442,2
88099a2ca7fffff,-0.4803921045955614,0.12198380527642383,0.3241122164356706,-0.26000326934511486,-1.1957797391148333,2
88099a2ca9fffff,-0.36622088857342977,0.6234680214047488,0.3013520896139731,-0.7407110594750602,-1.3204923359380956,2
88099a2cabfffff,-0.6705398495445907,0.5306357123383774,0.4146013501979769,-0.5770464007477849,-1.2627013945988212,2
88099a2cadfffff,-0.41714682359400335,0.8854871823792151,0.25242556528620363,-0.8712959058004793,-1.3182333391397048,2
88099a2cb3fffff,-0.20414873832250147,-0.001796376226062657,0.08391140157797002,-0.8400863786351701,-0.9927656849123957,2
88099a2cb5fffff,-0.5412486921230647,0.3413584239629039,0.39898394425317063,-0.8210685729696738,-0.9089729958693993,2
88099a2cb7fffff,-0.41511245976652283,0.16781055283887253,0.1567390217838489,-0.8245742589630412,-0.9977770144694282,2
88099a2cb9fffff,-0.3612220892282814,0.2575265875162274,0.20426119574463114,-0.7712611539555183,-1.0862974072334481,2
88099a2cbdfffff,-0.5516539846306852,0.4118290359824173,0.5613550464572702,-0.8133548814384696,-1.0229575110148996,2
88099a2cc1fffff,-0.24842749162679617,0.15874629009439611,-0.5779067711362165,0.2043574305921944,-1.0194780671656727,2
88099a2cc3fffff,0.02084382612090241,0.04250827504653375,-0.46434027401656214,-0.22481792627994074,-1.144609884904269,2
88099a2cc5fffff,0.042668258162438855,0.24909780473924717,-0.5992161664369994,-0.12492248215292545,-1.1982676888674753,2
88099a2cc7fffff,-0.12906703355105265,0.11650676050034575,-0.37814733387223365,-0.2670156318433871,-0.8626681717271792,2
88099a2cc9fffff,-0.029991636915502384,0.018731195949854396,-0.6209375857079875,0.3576716606652481,-1.1311712901072346,2
88099a2ccdfffff,0.05256974534577197,0.06490560159846667,-0.5879738987811868,0.22578640852906362,-1.2018471898701824,2
88099a2cd1fffff,-0.45169640096119895,-0.04165746174702048,-0.44622485547804563,0.2724081718087919,-0.8573797028570824,2
88099a2cd3fffff,-0.39066034569322516,-0.25102428803297894,-0.33299749053378147,0.48867633474170136,-0.884575874778579,2
88099a2cd9fffff,-0.44074272053140096,-0.0018970966864431393,-0.5625847826929606,0.7051273519154071,-0.9168451725712417,2
88099a2cdbfffff,-0.43550408400414886,-0.20497783729596178,-0.5655240526436258,0.5817609637093367,-0.5984396207624825,2
88099a2cddfffff,-0.40944099917818094,0.05929729528283478,-0.41968764624314514,0.28980375836514766,-1.0337759948317147,2
88099a2ce1fffff,-0.3121620635114128,0.8529772435875924,-0.6020019935778473,-0.4470920151648123,-1.3201111761957063,2
88099a2ce3fffff,-0.23472027138636598,0.7565586183263889,-0.2554883137791781,-0.6786388099768585,-1.2494129043750442,2
88099a2ce5fffff,-0.10286292751738851,0.7671751391386463,-0.5763383562712842,-0.5743728148600646,-1.4151920919285907,2
88099a2ce9fffff,-0.09463192409541826,0.8471218630773928,-0.8271716349108416,-0.5176534896322109,-1.3253843795655553,2
88099a2cebfffff,-0.17900417121957785,0.4640220378859585,-0.492653906728674,-0.2776850792911924,-1.249318775684937,2
88099a2cedfffff,-0.2208309324323806,0.8571906376463057,-0.615144820000239,-0.5888911059581875,-1.4056514575535553,2
88099a2d01fffff,-0.27951780214127797,0.008368398926098192,-0.3439272059576762,-0.4403722625711253,-0.7640542846900149,2
88099a2d03fffff,-0.3671178343033405,-0.009968645440272553,-0.21192562691027797,-0.5073684839368866,-0.8430282928588888,2
88099a2d05fffff,-0.17418653279669144,-0.12594334999874476,-0.3346183291965401,-0.43737823234326545,-1.0080358762341592,2
88099a2d09fffff,-0.1815954902559373,0.010987712750071401,-0.2417891989701888,-0.4932847490426029,-0.677211630312882,2
88099a2d0bfffff,-0.17449828216934654,0.11521794669259836,-0.098609669954509,-0.6904136893097679,-0.9631635932825189,2
88099a2d0dfffff,0.16991706251059324,-0.2719911277679183,-0.3309768640924089,-0.5221324830642162,-1.2164197862486232,2
88099a2d11fffff,-0.09635094123461685,0.43024343420689326,-0.25944412792455973,-0.758170535522414,-1.0179240604013693,2
88099a2d13fffff,-0.27523169390905305,0.3756442302847508,-0.06875055902932492,-0.7312006782134729,-1.0796917231865901,2
88099a2d15fffff,-0.21334032279130455,0.08320918638948219,-0.255770145286764,-0.7283108789724375,-1.0449845246761047,2
88099a2d17fffff,-0.23582905382267016,0.200486662450705,-0.3511734851633457,-0.6499504452571004,-0.9674841597612968,2
88099a2d19fffff,-0.32515519068034593,0.5273415400454476,0.19846335043293484,-0.858800261306114,-1.231667753631291,2
88099a2d1bfffff,-0.2472509040631533,0.44506120368684265,0.06270512229339159,-0.7235315942242712,-1.182686402214086,2
88099a2d1dfffff,-0.3798803367614717,0.2851380108502421,0.1298839685748931,-0.6626752018464406,-1.0166536995841946,2
88099a2d21fffff,-0.16865143742373845,-0.12540199977345215,-0.2617201220196172,-0.6880180447709899,-0.873718343211168,2
88099a2d25fffff,-0.19198766428436181,-0.1437079802149665,-0.28507119682633253,-0.6453545220794008,-0.8671420042576045,2
88099a2d27fffff,-0.23260726261606418,-0.2254052721584477,-0.18013721127768262,-0.5402556141164565,-0.926778178036073,2
88099a2d29fffff,-0.13282289154855076,-0.06572435385837308,-0.34613060965103537,-0.6184453968407062,-0.9545062232707328,2
88099a2d2bfffff,-0.2412341158009586,-0.0721496946637612,-0.26425241408630873,-0.7299128389717521,-0.9506218342990861,2
88099a2d2dfffff,-0.1147290965844654,-0.022225679716730104,-0.35050667288992315,-0.6105441197677955,-0.9152746687718352,2
88099a2d31fffff,-0.12184405081479055,-0.24081767960486714,-0.24964536358358386,-0.59334153083234,-0.915081240991259,2
88099a2d33fffff,-0.27918622317305264,-0.13303691243730564,-0.282359269614466,-0.5485471088507645,-0.7819395045304997,2
88099a2d37fffff,-0.22390712223100112,-0.13587195818470382,-0.30347461969223954,-0.5292166708462123,-0.814631934285821,2
88099a2d39fffff,-0.3353961802000693,-0.24172204461758368,-0.22552496004632416,-0.40800236324649697,-0.8174811149856867,2
88099a2d3bfffff,-0.20915051197688608,-0.05829381896000092,-0.3347873584589458,-0.6035166160907512,-0.9204139037083638,2
88099a2d3dfffff,-0.1115962919291364,-0.3240005501121693,-0.25218519239223014,-0.35176292228162165,-0.920847738302259,2
88099a2d41fffff,-0.14793292850625028,0.18154091738521078,-0.276013625556373,-0.43969992982288836,-0.6580311928728355,2
88099a2d43fffff,-0.2538241513656512,0.4474665456754684,-0.3141527883280199,-0.2978148776623346,-0.7295721587786259,2
88099a2d47fffff,0.06009348800882913,-0.055806083925540706,-0.42841937002717706,-0.37267654638645764,-1.0505439153859344,2
88099a2d49fffff,-0.10618235983426863,0.3617684639452357,-0.18820044263866303,0.21497532825565607,-1.189640484476455,2
88099a2d4bfffff,0.17978338261629168,0.2570739887626268,-0.14309056693287026,-0.41574083808322915,-0.9260213629269928,2
88099a2d53fffff,-0.009408613857680936,0.2849374759436908,0.22914068146659294,-0.4718220213710063,-1.421555295868592,2
88099a2d55fffff,-0.2989510250429209,0.32675343927596306,0.015097154277408265,-0.45724449181276866,-1.0252413577245385,2
88099a2d5bfffff,0.0026247568668276433,0.9807952095704593,-0.32761169780941723,-0.16506976245846866,-1.5724894259088487,2
88099a2d5dfffff,0.19863133340891903,0.19715846758177644,-0.09604280484586636,-0.5477109492752209,-1.0186439735545558,2
88099a2d61fffff,0.06077387143823529,-0.08162765845288955,-0.5690611100220234,-0.5798752719922418,-0.9675146677545472,2
88099a2d63fffff,-0.06872270619516802,-0.05485357940753034,-0.3889087014740812,-0.6992992833915215,-0.8833752980847696,2
88099a2d65fffff,0.0035907763151679095,0.020671473094701714,-0.37713264736954777,-0.41053521561184697,-1.0434594527915086,2
88099a2d67fffff,-0.08395366641463808,-0.04774815154296702,-0.36431209054648844,-0.6743643974471016,-0.9292458893136655,2
88099a2d69fffff,-0.17018872008581498,0.24099009462270063,-0.4881945013925014,-0.41018192479315063,-0.8535053952792938,2
88099a2d6bfffff,-0.10881574135744526,0.10757287332873262,-0.5572086876934547,-0.5060013984574194,-0.9081864345012916,2
88099a2d6dfffff,-0.009727169417423298,0.3457444279936952,-0.5974065756842026,-0.5166476231927835,-0.9558117629498195,2
88099a2d81fffff,-0.24334935135963554,0.42944949710537866,-0.37220209728325526,-0.7324853345861828,-1.0563729287694532,2
88099a2d83fffff,-0.49640052086705355,0.7420345218247054,-0.020410538333359384,-0.6334123949138891,-1.280344023145036,2
88099a2d87fffff,-0.36096525297003157,0.4687332211815344,-0.24519572659991823,-0.6670575135014323,-1.0222126372986484,2
88099a2d89fffff,-0.1990224447955014,0.4597206647761669,-0.4859254548960703,-0.8085406033191103,-1.0749145516707537,2
88099a2d8bfffff,-0.26427624472913036,0.6954737195725227,-0.14526110982823098,-0.7034124749673056,-1.3026621548513522,2
88099a2d8dfffff,-0.18525494657681968,0.31759233603577347,-0.3293061171463904,-0.9329386451523815,-1.0408878508488055,2
88099a2d91fffff,-0.7354965808573243,0.7136801210180683,0.21235237262369966,-0.4517124948080977,-1.109247704236756,2
88099a2d93fffff,-0.7280678018884683,0.8156747332523291,0.34532130673534744,-0.7646633706340028,-1.157451866986538,2
88099a2d95fffff,-0.6885865141061696,0.8238967931455649,0.21166775512069935,-0.5728730533253085,-1.2087731328347353,2
88099a2d97fffff,-0.8256477919930725,0.8834163713605379,0.19439848692956832,-0.5498098383625794,-0.9695925483705795,2
88099a2d99fffff,-0.5606446224766168,0.7581003233134822,0.268167846855126,-0.6292264866327396,-1.2504572137938512,2
88099a2d9bfffff,-0.4969988528101552,0.3496942884361739,0.28057770044648317,-0.43066970572681595,-1.326388784557885,2
88099a2d9dfffff,-0.5502265480240913,0.8142195295949167,0.17973076500789148,-0.5850590825516868,-1.4259936429335645,2
88099a2da1fffff,-0.38159966199971684,0.342267968448988,-0.635128315985987,-0.7349044060705392,-0.6388862421973335,2
88099a2da3fffff,-0.44383461003996216,0.3467383932301347,-0.3332232047605045,-0.5598959139621539,-0.9524239813440294,2
88099a2da5fffff,-0.45536371007822196,0.05095558482400683,-0.14398442474225037,-0.5423970594460981,-0.8442940098928474,2
88099a2da7fffff,-0.3244574067318772,0.28145943820533675,-0.5693198484535065,-0.6702389131924014,-0.7237239948678384,2
88099a2dabfffff,-0.42743338005580656,0.5198695413169605,-0.6613539865229088,-0.5488902618961271,-0.8712790278796885,2
88099a2dadfffff,-0.4813604102264303,0.2075085408510878,-0.3720680669626436,-0.47340613523055786,-0.8580671721274097,2
88099a2db9fffff,-0.6538098139489006,0.7816996466152074,-0.027921653674789063,-0.551877045274304,-1.0608765686980317,2
88099a2dbdfffff,-0.5190270983388403,0.5031280259483522,-0.2162347813989759,-0.5366115646809964,-0.9116347617360822,2
88099a2dc1fffff,-0.1648244687051797,0.27237697023941365,-0.14515572185073478,-0.8278870644066678,-1.2098533735190047,2
88099a2dc3fffff,-0.3767383077347344,0.36256822019023965,-0.3378496327111068,-0.7708880012758643,-1.0611333695461962,2
88099a2dc7fffff,-0.21085468479539735,0.36748955479239886,-0.35017801071563504,-0.9278380466413476,-0.9997637310754297,2
88099a2dc9fffff,-0.36772738342593553,0.4976521319422991,-0.009443691096133813,-0.7103817506863923,-1.2603039378513725,2
88099a2dcbfffff,-0.46146643871039006,0.5377916549707941,-0.3493683384702362,-0.5070569093029317,-1.202439348378034,2
88099a2dcdfffff,-0.2532295726190036,0.5340909689275736,0.06097633691364429,-1.023984686565878,-1.1319938104985083,2
88099a2dd1fffff,-0.5029713248394292,1.1194185563663066,-0.2550803047566219,-0.6127492555159184,-1.1806333736000185,2
88099a2dd3fffff,-0.5803099229478844,0.896388594997545,0.3556078774221878,-0.7503771828644538,-1.2461020658838124,2
88099a2dd5fffff,-0.171547876287368,0.6386061481052392,-0.4361632300790624,-0.7198724816663971,-1.311764240436316,2
88099a2dd7fffff,-0.6079161101078973,0.9132968389653442,0.11299637077885002,-0.329275183126699,-1.339740801087467,2
88099a2ddbfffff,-0.4173978449085043,1.13456927252976,-0.10501497342497239,-0.7763198657706987,-1.3362695812018037,2
88099a2dddfffff,-0.38424786231041885,0.6925523542640784,-0.3447465958492433,-0.6567060670775424,-1.3173666818060639,2
88099a2de1fffff,-0.4537950758632834,0.2684142235473709,-0.442574686045199,-0.5386227481096668,-0.8493838047219762,2
88099a2de3fffff,-0.2576727795815613,0.3514382562419096,-0.3529719823865918,-1.0003233133845661,-0.9476519843218478,2
88099a2de5fffff,-0.3776926925613611,0.031896894616240345,-0.38202832187962105,-0.34179191789088026,-0.976268631498963,2
88099a2de7fffff,-0.46403370567585717,0.25310284968726804,-0.4696594204470017,-0.45151220982312223,-0.9292079055896245,2
88099a2de9fffff,-0.328415176112419,0.21397134470983595,-0.45474885534704973,-0.47383966226518887,-0.9022654454759941,2
88099a2debfffff,-0.2956019691351326,0.38710980065892786,-0.37082240030830715,-0.8371324951028642,-1.1439065189326574,2
88099a2dedfffff,-0.3447087835467303,0.1704268651526377,-0.4100329683143385,-0.5257299042805302,-0.8765460092685353,2
88099a2e01fffff,0.5067475108698369,0.8807825644694791,1.6799678340673334,0.540700769100375,-2.21909560764241,1
88099a2e07fffff,0.4116472482743744,0.6088322828742315,1.864990308210563,0.3774222716676736,-1.7593558906940112,1
88099a2e09fffff,0.8750620458563202,1.135637024323291,0.9352868828393017,0.0981476593182633,-1.653497146557208,1
88099a2e0bfffff,0.5077837041517091,0.4401540157113193,1.779103718055324,0.9022208386196335,-2.0550127537683034,1
88099a2e0dfffff,0.6628425946226839,0.9697355259736867,1.4798590216263086,0.5539729745430023,-1.8094753630861833,1
88099a2e11fffff,0.400971233653031,0.23685477697760104,2.3367615235091663,0.6190956123854854,-1.394143278776617,1
88099a2e13fffff,0.32629675394129243,0.23448966935752247,1.3938904534951513,0.10607703724482886,-1.0052238671728388,1
88099a2e15fffff,0.510316604032256,0.18231352213189989,2.6758805576640827,0.7919469999731698,-1.7820179070285764,1
88099a2e17fffff,0.4226811093031949,0.1196624093138905,2.2880004051919434,0.44910136207912316,-1.3550958185416697,1
88099a2e1bfffff,0.44148936587766674,0.09275753770805995,1.031762791621223,0.5605773619884177,-0.906142822340589,1
88099a2e21fffff,0.7130507080279342,1.5368076725667146,1.2207296546636803,0.03403193670687321,-2.1038641852256563,1
88099a2e23fffff,0.7168630722591192,1.2506223792179978,1.9194613308612478,-0.2091686033695576,-1.8150215665602656,1
88099a2e29fffff,0.2414739314860516,1.3068257923973159,1.5639146605616614,0.48888719221504134,-1.4483248232999069,1
88099a2e2bfffff,0.41823464339215133,1.0005945424799672,2.032895197339117,0.4169395277904622,-1.9216181622771207,1
88099a2e31fffff,0.2796271729633531,0.3267304320125868,3.1898965227056477,1.0965025916491657,-2.4537190842857988,1
88099a2e33fffff,0.35159497234614545,1.3112661194200101,1.920503814841312,-0.12784172657736834,-1.9460560049479607,1
88099a2e35fffff,0.3049802635657276,0.6614532830686446,2.8040152129391887,0.9328217335016772,-2.0560656580138166,1
88099a2e37fffff,0.48897008303189926,1.1755662289880933,1.5216242847653085,0.1304309615422028,-1.9295647402013651,1
88099a2e39fffff,-0.030049884100859403,0.048237434355066,3.620633087745667,0.858056971242836,-2.257947450206188,1
88099a2e3bfffff,0.3401720963778092,0.14929738775071866,2.9957660570433653,0.5689425384206837,-2.008538956321371,1
88099a2e3dfffff,0.33699454150573066,0.20355560292800723,3.542014515350945,0.6267114289835003,-2.4338666143542538,1
88099a2e41fffff,1.017055050910272,1.078423007781031,0.44294039717484224,0.4063450915377555,-1.773721522533679,1
88099a2e45fffff,0.7112179678462945,0.9452235635540625,0.05329408547615622,1.0341838676691122,-1.501127869044494,1
88099a2e47fffff,0.9296555996024337,1.2456761464084665,0.568871266209989,0.06383501297961153,-1.6754265460858928,1
88099a2e4dfffff,0.6201271454402026,1.0898545752034507,0.11576421673384252,0.7709878807402423,-1.3577212429736751,1
88099a2e55fffff,0.6604248083151558,0.8271978282943857,1.3822857335985694,0.3997381141550085,-1.7564082540022463,1
88099a2e63fffff,0.7467509136483241,0.8899847385663386,0.5730928307363699,0.98516368788812,-1.5624439816723665,1
88099a2e67fffff,0.31140555160310346,1.3267780669884224,0.7495619603146589,1.1848616382014183,-1.8613178390328975,1
88099a2e69fffff,0.6335510839880756,0.8203282712562067,-0.07553787758660568,1.3824676995340561,-1.3191937025275644,1
88099a2e81fffff,0.3177029690312561,-0.42806982961182327,-0.4400889423158368,1.288437485472167,-0.6707538163386413,7
88099a2e83fffff,0.11122811928115633,-0.24189253380250472,-0.5679035607080969,1.3328151344097354,-0.6052551316112988,7
88099a2e85fffff,0.5182295585364591,-0.43554513743326534,-0.47888783408276014,0.9380504830740707,-1.1764243334624582,2
88099a2e87fffff,0.3066644217230833,-0.5172961793637193,-0.6841376504842064,1.2986467085469044,-0.6592763724056747,7
88099a2e89fffff,0.17836670540401067,-0.46490283131416144,-0.21816091491446157,1.7753663469546728,-0.7624885490296825,7
88099a2e8bfffff,-0.15121363572264337,-0.18661738345588122,-0.20607623616989573,1.5394272353725358,-0.5941977735456756,7
88099a2e8dfffff,0.597521599726151,-0.5107681557918431,-0.3124545622774679,1.311826680797198,-1.0548651663391995,7
88099a2e93fffff,-0.8366684924373776,0.02098367565212894,-0.4483953688552305,1.1769847000905211,0.022480276228074615,0
88099a2e99fffff,-0.6202871599869845,0.5921345542583969,-0.4928846416318754,1.242313549504994,-0.26227625297501966,0
88099a2e9bfffff,-0.1582357819781674,0.48132520697980097,-0.8903048598910543,0.6734926054137156,-0.1876668978857227,0
88099a2e9dfffff,-0.34730605762219424,0.4224092436932001,-0.5843996105674524,1.1309627610757376,-0.37990920107423487,0
88099a2ea1fffff,0.5744359493789755,0.29767129411695864,-0.8353490469190727,0.36267094182175413,-1.3908013910244925,2
88099a2ea3fffff,0.1056051527577157,-0.08875310198408304,-0.6644959181275027,0.8470101263105776,-1.1330357702948428,2
88099a2ea5fffff,0.10027324151235728,0.8449766472427758,-0.8171889775197287,0.15141086931567888,-1.2915883321968993,2
88099a2ea7fffff,0.26559300900765737,-0.005303982384572414,-0.689346055220783,0.48431145130333836,-1.0313204836952172,2
88099a2eabfffff,0.44849895361566,-0.10984309845985196,-0.8044371165851716,0.7974304206100906,-1.2271235872000912,2
88099a2eadfffff,0.8209449343727504,0.21195347219444066,-0.5667767041990178,0.3217539189788187,-1.8644844711745008,2
88099a2eb3fffff,-0.34404780271082214,-0.16963749526001257,-0.5100250178764653,0.6426196985309086,-0.6360596073421166,2
88099a2eb9fffff,-0.1201289080970101,-0.09852193770035894,-0.6187050304888065,1.283419438433909,-0.6356221523067991,7
88099a2ebbfffff,-0.6890413403011867,0.014305294145422143,-0.4952545639184943,1.1642870898677393,-0.6094226217014476,7
88099a2ebdfffff,0.1626707313735029,-0.1949911313690687,-0.7145619126825487,0.9976429287740569,-0.7588079356205124,2
88099a2ec1fffff,0.34080113617232705,0.06180964956171886,-0.006308924501976065,1.5079231133698692,-0.798685286814709,7
88099a2ec3fffff,0.3305257767541083,0.44333995021258377,-0.09172811721983196,1.807415605356894,-0.9692350419928334,7
88099a2ec5fffff,0.7155100808325278,-0.06003699294043541,0.2746772410174597,0.9056555578848662,-1.1132397048291245,1
88099a2ec7fffff,0.3316831724316637,-0.34746091757138864,0.046036747335840955,1.8721324364013732,-1.001316109722672,7
88099a2ec9fffff,0.4039270653830355,-0.41838145087505196,0.18843461483470003,1.4849075084084165,-0.7231133645348045,7
88099a2ecbfffff,0.06014039543740221,0.3382564757200638,0.32556340503115366,1.4515218884750907,-0.24821061419479773,7
88099a2ecdfffff,0.5893554594628956,-0.07962032416978648,0.3310678850329869,1.0168729359029232,-1.1096513910468222,1
88099a2ed1fffff,-0.3275938291281076,0.40580616390929236,0.07045005061283754,2.0628023950944954,-0.344721620579152,7
88099a2ed5fffff,-0.303333880396424,0.41488282796294956,-0.028697094254752614,1.882325894836604,-0.6828014149187513,7
88099a2ed7fffff,-0.3177245638230379,0.36130333338461396,-0.40259707103959985,2.048929396147237,-0.5221755535760629,7
88099a2ed9fffff,-0.17058153868042808,0.20441952339088387,-0.06348516899412014,2.6175193908352368,-0.2911024499659958,7
88099a2edbfffff,0.1139930956990276,0.5187949563321546,-0.5538099904123328,1.8408183699263048,0.5955326645803525,0
88099a2eddfffff,-0.3116209742213787,0.07799761729269405,0.6631788453128132,2.1342321906589485,-0.3645737110269634,7
88099a2ee1fffff,0.7641196531197949,0.08853028000881302,0.48515247991826566,0.6661901293023512,-1.8928247553852398,1
88099a2ee3fffff,0.6367651523878357,-0.13652098759812636,-0.10465391667893903,0.4311267369715033,-1.3889470985713852,2
88099a2ee5fffff,0.6925581740744973,0.41076102007880505,0.38956537518553086,1.0049097131027325,-1.9091247555686675,1
88099a2ee7fffff,0.7183797656981502,-0.16284445549231302,-0.0030068459590613245,0.8117028566305733,-1.8125363886701868,1
88099a2ee9fffff,0.9584681664706443,-0.2354033337976188,1.3615055869209411,0.594589042749762,-1.9540157306305463,1
88099a2eebfffff,0.5582371271239168,-0.3961912029431328,0.3151150672224855,1.140713835405772,-1.1766560537309143,1
88099a2eedfffff,0.44308112317962384,0.9666851858452081,1.2630943811726096,0.10533001098972089,-1.362729472771394,1
88099a2f01fffff,1.0829117873627532,-0.6089606976789648,1.812162009288056,1.2459137992228613,-1.7385960082631062,1
88099a2f03fffff,0.4320199716007981,0.6854416988782933,0.4055935128386665,0.5991996205059207,-1.18165480350992,1
88099a2f05fffff,0.2773108581482843,0.26672959228090404,2.0565696544434475,0.7275820890696909,-1.3012251103886172,1
88099a2f07fffff,0.771966655824552,0.5425268758649324,0.2122523441394542,0.5087753739752666,-1.4641189102130507,1
88099a2f09fffff,1.0958061092731324,-1.3347641593062105,2.360502432995835,1.9653140085293488,-1.7237580295244062,1
88099a2f0bfffff,2.06750826258649,-1.4941698440919347,2.021088338496176,2.288857973659799,-2.4154929323395256,1
88099a2f0dfffff,0.49508397820988354,0.21126817720914826,1.7873062087216072,0.375736757264921,-1.3850982243059828,1
88099a2f11fffff,0.45362059687012335,1.2439389673821033,-0.1478515379697965,0.06414812966011063,-1.4060111579324883,2
88099a2f13fffff,0.5536405242587459,1.4084204007788181,-1.0369107060969478,0.17593978294218682,-1.317018512479195,2
88099a2f15fffff,0.5848554607528491,0.9048042891996435,-0.18353864676547216,0.6748164729981193,-1.3734779172574383,2
88099a2f17fffff,0.5863967934637078,1.224153486112035,-0.6959396482710376,0.5827966036428569,-1.7149225646258837,2
88099a2f19fffff,0.4970039123664201,1.2610398541476595,-0.016743170225867975,0.009066605680931983,-1.0650983958745546,2
88099a2f1bfffff,1.0651694932412634,1.0450480196806047,-0.15310629551533333,-0.21777993313014377,-1.4829347708845753,2
88099a2f1dfffff,1.0273676501588076,0.9255893189689866,-0.20699650441661716,0.1311143923791832,-1.3635669345656918,2
88099a2f21fffff,0.045213156982311306,0.28591863311589805,1.0914166382485293,-0.19793013245716168,-1.1913292099059203,1
88099a2f23fffff,0.18154143520277016,0.07491291781553777,0.6222036006140057,0.5268421396788574,-1.2160631299490654,1
88099a2f25fffff,-0.18638053854412573,0.5949374124752282,0.9002840311830568,-0.3880138550924713,-0.9947945395431347,2
88099a2f27fffff,-0.18474781781870844,0.4790016008744841,0.20086579484436876,-0.17180047169982782,-0.9589893304891983,2
88099a2f29fffff,0.1977019596436403,0.3390384825563869,0.6610777035970826,-0.09822319328168394,-1.239610586983387,1
88099a2f2dfffff,-0.43414345377330177,0.5220181820662367,1.0089357927562532,0.014257048631261066,-1.018991714652557,1
88099a2f31fffff,0.4986432310543798,0.5889373344563482,-0.2694494232985936,0.37532343534583423,-1.3630429835960647,2
88099a2f33fffff,0.28976642778044526,0.781779466232084,-0.5759705729207013,0.2505513910022037,-1.3084558205193377,2
88099a2f35fffff,0.3223859394802181,0.39709803388905013,-0.3173030633563594,0.028437009358296295,-1.0813681501484038,2
88099a2f37fffff,0.13509475417890343,0.5909641623089169,-0.15016295719624861,-0.2543016470485882,-1.1090302917491661,2
88099a2f39fffff,0.3532367857326615,1.0785040866959856,-0.21518362837081345,0.577467069193153,-1.444394389928386,2
88099a2f3bfffff,0.5539152894386759,1.3392898020786568,-0.49137412762990434,0.3531138537770012,-1.8361121767550388,2
88099a2f3dfffff,0.19734446794862814,0.50986074176229,-0.07422638944653576,0.6571391147104817,-1.2913777702749016,2
88099a2f41fffff,0.20173325096173522,0.28591887643850983,1.0353300255588669,-0.03344346940849208,-0.7943446835469317,1
88099a2f43fffff,0.3165510139000848,0.26082438136878233,1.2132091709992994,0.48005699826360815,-1.366643746549462,1
88099a2f45fffff,0.2633702658728943,0.9783900229020741,0.22206999555315224,-0.531897093751417,-0.9126672467668298,2
88099a2f47fffff,0.4984279821117418,0.32605142828784917,1.4672943435275108,0.020747698165990314,-1.3689042727781495,1
88099a2f4bfffff,0.46330029279174073,0.3795078767318536,0.658936580353811,-0.008011101039926971,-0.6379341117653508,1
88099a2f4dfffff,0.11091731034468783,0.7301768496495892,0.17989749412987496,-0.005481779151893296,-0.8183565892659033,2
88099a2f51fffff,0.7119061037402141,-0.10714527523211645,0.9908864823600361,1.5937488961708006,-1.038072416496885,1
88099a2f53fffff,0.9440442341578725,1.3888530590263204,0.6162971265790326,0.4581810261188618,-1.6562251699971253,1
88099a2f55fffff,1.0693518459701188,-0.9299423488162103,2.614281482261324,1.5261278067203907,-1.5775124865004413,1
88099a2f57fffff,0.8350827948527935,0.2027367660609733,0.8093238500089446,1.7203152721709718,-1.6533198202148907,1
88099a2f59fffff,0.6267945559188554,0.30061664990427256,1.1853932654308954,1.011752395939204,-1.0697454850689812,1
88099a2f5dfffff,0.5278000368710912,0.1409089317454679,0.33644638565458046,1.2492878074682108,-0.8358649082157816,7
88099a2f61fffff,-0.26330028934509264,0.1268252071443453,1.7770747342193125,-0.04103660041068555,-0.8636511154006262,1
88099a2f63fffff,0.07251652608001674,0.345883351385118,1.356766322585731,-0.3825125029817885,-1.0580715289449623,1
88099a2f65fffff,0.5309542193304146,-0.6064935923071519,0.9985877334041382,0.10790941945142418,-1.5652121900845923,1
88099a2f67fffff,-0.06135576418309907,0.48566132172269494,0.7109837586444854,-0.5181128011108007,-1.1677766436906432,2
88099a2f69fffff,0.5664277037766721,-0.17516529043005125,0.995488774900011,-0.08929420304711891,-1.2016992806170945,1
88099a2f6bfffff,0.2550565276668564,0.5291301686273346,0.7764971488399673,0.0358036985048355,-1.0260149715137044,1
88099a2f6dfffff,0.183537234013877,0.19397819017051265,1.005354576695239,-0.46715512916924723,-1.1790484682332212,1
88099b4001fffff,-0.19332189375801184,-0.7320765340706612,0.07446101346432665,-1.1319898819789957,0.0982617223323507,5
88099b4003fffff,-0.14544671722240257,-0.8346851138993789,-0.12474466738014645,-1.0244273293936585,0.08832078309502461,5
88099b4005fffff,-0.16940581965706358,-0.7117403074295717,0.035251072768518354,-1.102579866462412,-0.0035690534713481714,5
88099b400bfffff,-0.20661487388926583,-0.7370998269121469,-0.11317408975178062,-1.0676514421217855,0.07427832889129665,5
88099b400dfffff,-0.18765377340662753,-0.7642672568931324,0.129236275221782,-1.0281540083106204,0.007319542154679448,5
88099b401dfffff,-0.15011851228172451,-0.8582932343600335,-0.18955277032268258,-1.0300660836378062,0.1718900091359276,5
88099b4021fffff,-0.2541272930223966,-0.930643184575085,-0.04319898122908972,-0.9697015334470453,0.41485238133867774,5
88099b4043fffff,-0.31117512077558884,-0.8676357358971599,0.33477975152204925,-1.0564572753107158,0.11433867796930725,5
88099b4045fffff,-0.33879578008881395,-0.7860428567320811,0.3171417549694498,-0.9284683195256115,-0.04838912298541975,5
88099b4049fffff,-0.24487736814766653,-0.9366327583621634,0.2068715855888028,-1.0061654692942823,0.13456864287833098,5
88099b404dfffff,-0.32316817121348057,-0.804898104986512,0.3079349738596734,-0.9559321389853326,-0.02383371820265534,5
88099b4057fffff,-0.1799623270455672,-0.8262019471027872,-0.14358676088592692,-1.0117824929013994,0.1000094427570018,5
88099b405bfffff,-0.20008566047453635,-0.8581071422410979,-0.08049768042306749,-1.0344417170250788,0.2332927665902536,5
88099b4063fffff,-0.3791949548479255,-0.9328855463058908,0.250084930535332,-0.8839237397192767,0.4228494179965524,5
88099b4065fffff,-0.29971039835354807,-0.8303167162567934,0.3003138365297047,-1.0891834701088934,0.2973872116320651,5
88099b4069fffff,-0.36363509141396305,-0.842955085971425,0.23444847460349033,-0.9378969896252045,0.28889504502141927,5
88099b406dfffff,-0.35072431913979546,-0.8040572897913331,0.3035210591860107,-1.0586676510897637,0.3736738145811377,5
88099b4095fffff,-0.23936173352775292,-0.8192671617434782,-0.29100237407805346,-0.8997229194665357,0.21608737427110697,5
88099b40a1fffff,-0.1810679401866132,-0.8539888858191793,-0.2528599894997373,-0.9634288064012678,0.20508654825537492,5
88099b40a3fffff,-0.2101724643205585,-0.7870121364995412,-0.26175650890518426,-0.9839800240565408,0.22968584325890146,5
88099b40a5fffff,-0.1667784287727569,-0.8556528821173675,-0.2514257237594834,-0.9521787571480613,0.08851814150371357,5
88099b40a9fffff,-0.21280270699282067,-0.8313344968890447,-0.23107701701488792,-0.9690199379965185,0.17358892408267196,5
88099b40abfffff,-0.21337911454597824,-0.8230678793273132,-0.24287752591434164,-0.9682796840518345,0.18261903815432495,5
88099b40adfffff,-0.15943635597623962,-0.8695136773921568,-0.2367647771112013,-0.9589440188437715,0.16383917669887776,5
88099b40b9fffff,-0.1886215095718507,-0.8363456074622828,-0.2901794803112177,-0.9381489182139187,0.15653480616762488,5
88099b40bdfffff,-0.21878698424671011,-0.8691600206708207,-0.23194330049923417,-0.9187994966051998,0.16918901533776448,5
88099b40e3fffff,-0.22248549045514382,-0.8304171448583321,-0.23735197182072015,-0.9640118391338591,0.17580180043727694,5
88099b4107fffff,-0.23679149290954382,-0.8184478863471324,-0.059078582598786344,-0.9551334030658561,0.3209773285937464,5
88099b410bfffff,-0.3279779803789404,-0.9596170353572302,0.16344001251212553,-0.9217221218884812,0.28923643435265894,5
88099b4115fffff,-0.32784398132715314,-0.9276298523371862,-0.004917115888330326,-0.8922441575628167,0.2993795085752785,5
88099b4117fffff,-0.26544622593098677,-0.9987436251726601,-0.011621521311625638,-0.8845936284254965,0.29335597299759253,5
88099b4127fffff,-0.18618142728110554,-0.963332090653661,-0.372806242297283,-0.6138532000059576,-0.008384244050772316,5
88099b412dfffff,-0.18220915680201527,-0.8828227005639266,-0.16647126707055976,-0.7705896362580377,0.014045060186153036,5
88099b4133fffff,-0.24589703137144547,-1.0182440190570754,-0.08911643273621411,-0.8540150900649998,0.2346060739393538,5
88099b4137fffff,-0.1185873648249754,-0.9713567049999219,-0.2418399521521728,-0.8470694083882981,0.1874243628375537,5
88099b4141fffff,-0.26343026013341503,-0.8186841358517758,0.1545580293274182,-1.073996637981451,0.23678600326517124,5
88099b4145fffff,-0.19244709884908456,-0.6804328889707232,-0.022825818601754422,-1.0415837507081929,0.11776351800051343,5
88099b4147fffff,-0.3374448495186994,-0.8015987272540437,0.2157674259658232,-1.0017611392653243,0.19363360247224498,5
88099b4149fffff,-0.25017062491096465,-0.8034166831209911,0.1985889710876328,-1.1145989621981094,0.1156874390069616,5
88099b414bfffff,-0.3143017887583436,-0.7484729069667264,0.3464040072604534,-1.1527704431474846,0.13487625819329724,5
88099b414dfffff,-0.19927064036024172,-0.6395988798392735,-0.05990019697749388,-1.058047485254408,0.14995163291030184,5
88099b4161fffff,-0.2032979779099025,-0.8846091261394259,-1.666706898617587e-05,-0.8574761045511968,0.05368134469602803,5
88099b4165fffff,-0.18972907629154906,-0.8661793304806519,-0.1564770939023818,-0.7548052390450483,0.012363137031801585,5
88099b4167fffff,-0.14811214107648168,-0.9473123546090099,-0.1294157603008892,-0.7750490778810459,-0.01941877514607826,5
88099b416bfffff,-0.25115182965327715,-0.776710774349771,0.08681953989393842,-0.9631084976616768,0.20791536686125367,5
88099b416dfffff,-0.17507815367245344,-0.9231418701099741,-0.049792331706071835,-0.7599975268157221,-0.014242376620150043,5
88099b4183fffff,-0.29735500321664826,-1.0608059569251747,-0.14791828335789636,-0.8069296425693503,0.440910242326074,5
88099b4189fffff,-0.257182196297774,-1.0417154052194746,-0.14516098839449754,-0.8203483982043248,0.3355250885919082,5
88099b418bfffff,-0.2692523724161529,-1.0860021752569546,-0.15014626505328638,-0.7630441872007632,0.3888853086723394,5
88099b418dfffff,-0.21468101799042366,-1.0741255109330783,-0.14081877478481453,-0.7997203777759229,0.2865362492118463,5
88099b4199fffff,-0.10741178412091279,-0.8521782437320277,-0.2590430342156813,-1.007796214217352,0.059249922453393944,5
88099b41adfffff,-0.23173326738677957,-1.0704185606745014,-0.09318842616701256,-0.8407587758169437,0.27299676284091723,5
88099b41c5fffff,-0.2595914031390805,-0.9893890947473749,-0.08687788393016721,-0.8391344661438254,0.3470625850997203,5
88099b41e1fffff,-0.265143039512879,-1.0160757320390241,-0.10382031234361705,-0.8037784277166004,0.27383699088777513,5
88099b41e9fffff,-0.26022334592921326,-1.014270494934452,-0.09529297055557812,-0.8211173480928712,0.31056118365888374,5
88099b41edfffff,-0.27772890240665293,-0.9999081175691895,-0.028950508343489,-0.8317758810115026,0.2568490957920868,5
88099b4203fffff,-0.1775968549445408,-1.0191923430121765,0.2530508039669642,-0.9405790707598884,0.5259415428932563,5
88099b4213fffff,-0.07617982849855033,-1.0713251665847117,-0.1702688613799564,-0.8174185640762665,0.5032655700157498,5
88099b4219fffff,-0.19299831883244575,-1.0804170008483154,0.03318307087332453,-0.8147493623099629,0.6100348509844757,5
88099b421dfffff,-0.2577968618174476,-1.127649829055323,0.14561076670596235,-0.7011253284413069,0.6041787737695836,5
88099b4221fffff,-0.3765817266162728,-0.9905156495698698,0.10402129987692621,-0.7699233864078489,0.6312065504597559,5
88099b4223fffff,-0.2819491208468972,-1.234648713577813,0.1616430888384216,-0.7853696036702456,0.6021368882265525,5
88099b4225fffff,-0.2758757164475085,-0.7112580681521696,0.1459377887425597,-1.0216523619215945,-0.03369694377500698,5
88099b4227fffff,-0.30915139969428623,-0.8201059024665359,0.2071412423505995,-0.9302739444306909,0.11608434440207133,5
88099b422bfffff,-0.31354114286944945,-1.0684056851074177,0.11484196273811126,-0.7771883184438467,0.6430699083448761,5
88099b422dfffff,-0.3146037555063456,-0.8948706153862764,0.0006398457046146167,-0.826807702606515,0.5314025790926834,5
88099b4231fffff,-0.3563348772066705,-0.970980712353961,-0.13847742692243653,-0.7321368245300207,0.7031714002570846,5
88099b4235fffff,-0.29202203467940024,-1.053233532766074,-0.08639595858761917,-0.78181168023934,0.627411652585994,5
88099b4239fffff,-0.009000077654284039,-1.108786946755804,0.01716645271262407,-1.0006015041535212,0.41812584522302504,5
88099b423bfffff,0.009111027331912852,-1.180609479100025,-0.034441535037780635,-0.8632609371381593,0.3660978047224736,5
88099b423dfffff,-0.3493482159202345,-1.0345812436722526,0.07758027490752867,-0.7694570207211555,0.6866691681276715,5
88099b4243fffff,-0.2261916496180735,-1.006824475524564,-0.13962858300588882,-0.9156092083791627,0.8219736217340297,5
88099b4267fffff,-0.3397786980830183,-0.8323459988963486,-0.1283431635921498,-0.817942871209103,0.6043786380157135,5
88099b4281fffff,-0.03920031133832633,-1.095003874659696,-0.19327021671689798,-1.0089252696598492,0.5727657646709664,5
88099b4285fffff,0.04814093226013588,-1.178914948977281,-0.1870151949608203,-1.0970125592494868,0.5804137674884975,5
88099b4287fffff,0.08225114953420473,-1.188454624198942,-0.26588074535453055,-1.078346715032142,0.5455552552486691,5
88099b4289fffff,-0.15196053882683863,-1.1293994838132213,-0.08090340268705654,-0.7573273458425794,0.49099940286580057,5
88099b428dfffff,0.017505819551270396,-1.1247944875551812,-0.24954014813650366,-1.0339288807588234,0.5768025012903685,5
88099b4291fffff,-0.0792154122341649,-1.1180628387199374,-0.15537760041791815,-1.0097374917665818,0.5749476353368137,5
88099b4297fffff,-0.0814556357009601,-1.0944873931619545,-0.16138635535632745,-1.0213000184388432,0.5781504153545114,5
88099b42a1fffff,-0.16110775710455372,-0.8930544326635658,-0.25110006988838995,-0.9431002129910837,0.1618461399870174,5
88099b42a3fffff,-0.22912019308849735,-0.8000052162072782,-0.30453185691502443,-0.9228137472250676,0.2116236773257572,5
88099b42a7fffff,-0.22096229100310932,-0.8325396137782315,-0.22944187532750246,-0.9310914184020898,0.2505218795333181,5
88099b42a9fffff,-0.008324833312620128,-0.8779158666581043,-0.18043927366061752,-1.251305192821953,0.17466797604042902,5
88099b42abfffff,-0.024960758866051924,-0.8605026697332747,-0.18199667607936726,-1.2253053316358977,0.14263241162135637,5
88099b42b9fffff,0.01122340330187302,-1.1292010438675701,-0.1901661076015081,-1.0758164751883956,0.5471200941790259,5
88099b42bbfffff,-0.004479090752928988,-1.1215918524186828,-0.19988580773973458,-1.0649729021570356,0.5360787207952482,5
88099b42bdfffff,0.03424893371442908,-0.8514993509998416,-0.25746798299061596,-1.2407375296789604,0.12615146040551906,5
88099b42c5fffff,-0.05519459444493938,-1.155312795903055,-0.12811578819589414,-0.8439469149376044,0.49184456256144304,5
88099b42cbfffff,-0.36754959722094804,-1.0543266951487464,-0.06595159974419673,-0.6339174074909678,0.6729663267062154,5
88099b42cdfffff,-0.1385786519666402,-1.1324018693141533,-0.11825340242055399,-0.7825331829500479,0.5270293895440358,5
88099b42d5fffff,-0.11985165283383552,-1.1273205415027774,-0.1250805664586313,-0.7359439514738424,0.49701302004139347,5
88099b42d9fffff,-0.39806292305561913,-0.9800675690865899,-0.14075075726629988,-0.562279443932269,0.7020716621012368,5
88099b42ddfffff,-0.2863647326983917,-1.0779673350231387,-0.07707421626635347,-0.6708557637821689,0.6300302600376857,5
88099b42e3fffff,0.04606969418138945,-1.1844747752900295,-0.17001089856229018,-1.1083107948761974,0.5956208646909477,5
88099b42e7fffff,-0.04003870762437012,-1.2107318052015799,-0.06913207621032424,-1.0584561228516358,0.5810535198299805,5
88099b42e9fffff,0.045383843135889335,-1.225994825735316,-0.047418875115769976,-0.9554876791450699,0.3886597142098381,5
88099b42edfffff,-0.030545600802801748,-1.2450978080187631,0.02470409415205682,-1.047422199410886,0.5876858175050518,5
88099b4301fffff,-0.3192478114746098,-0.710762159490739,0.15712533332164896,-1.1189767100303023,0.26024155080912986,5
88099b4303fffff,-0.3589505633559029,-0.7318896334031089,0.22251722396099477,-1.0983056371577575,0.3387841908574537,5
88099b4307fffff,-0.4369469485170614,-0.5570796769696842,0.23627314577920255,-1.07199232566511,0.1321992984664977,5
88099b4311fffff,-0.4261101057651004,-0.8091018852285897,0.24748429767294522,-0.9096860752984055,0.3118180675955651,5
88099b4313fffff,-0.2440111082055761,-0.680347602711243,0.06376436275705777,-0.9778011239008708,-0.12153568071229975,5
88099b4315fffff,-0.38590243285361625,-0.7573366690176152,0.2771946928855485,-1.034522098150026,0.31432037285776737,5
88099b4317fffff,-0.21972839014555798,-0.8887697823775333,0.0362810751290652,-0.9909818836649589,0.2710748111069068,5
88099b4319fffff,-0.3369219116823065,-0.5475059652860089,0.18320593224040388,-1.1083060556690774,-0.04557801464555189,5
88099b431bfffff,-0.3122811024722354,-0.6083813304854111,0.1340889277796658,-0.9449322354046568,-0.04603503884371535,5
88099b431dfffff,-0.31765372808791964,-0.7793256781368413,0.07128013531736532,-1.0310563910765138,0.44560854115160176,5
88099b4321fffff,-0.18631494664824427,-0.8242498520880394,0.1769097258068082,-1.062406565982981,-0.04603050578359835,5
88099b4323fffff,-0.14216088130718663,-0.8536433498679609,0.1954745381400949,-1.2161986559559255,0.0682541644014717,5
88099b4325fffff,-0.2733486035838722,-0.6052759530052753,0.07846259341732725,-1.0754828566382546,0.16336778108691358,5
88099b4327fffff,-0.18828238482881787,-0.7770635803802293,0.16005122237422648,-1.1699132125672156,0.08696475221674255,5
88099b432bfffff,-0.3536250272473678,-0.6742251902824297,0.2346201733191663,-1.0639200543410279,0.1421155788488696,5
88099b432dfffff,-0.3478646505043743,-0.6748058667819052,0.2051448728195256,-1.0556214030708257,0.16068588106246345,5
88099b4333fffff,-0.27924394065121916,-0.7978596034603396,0.2943316791856094,-1.120424041749912,0.27710510524280824,5
88099b4339fffff,-0.3974200740436133,-0.7459300201876881,0.27420033174079583,-1.0777173043866386,0.3998354722799272,5
88099b433bfffff,-0.2999247426714191,-0.8442272188981416,0.30392500018119606,-1.0508428491455915,0.2779798506929064,5
88099b433dfffff,-0.3958166881493557,-0.6699556982679257,0.2536720282794709,-1.0708630072643408,0.2242477965419989,5
88099b4351fffff,-0.3318794622169117,-0.7650536052960355,-0.0676102402928721,-0.9333686517020782,0.45710942910920643,5
88099b4353fffff,-0.32170925726705624,-0.8681341513318863,-0.030663587592513253,-0.9050111385859646,0.43829908010102525,5
88099b4355fffff,-0.2902744343072354,-0.8610948058916112,0.05341410491336629,-0.994830417971418,0.5074610174526899,5
88099b4357fffff,-0.3850180133544735,-0.8031989631909924,0.09026235532533927,-0.9378478080036023,0.5012460245757254,5
88099b4359fffff,-0.28326227408931204,-0.7777028145677364,-0.15506643502912676,-0.9139855942460637,0.5738237489368619,5
88099b435dfffff,-0.34730244906222896,-0.8519239774645304,-0.06476044407582227,-0.8700451983082322,0.7092937915881453,5
88099b4369fffff,-0.18209327428605954,-0.6939075947311559,-0.017707489082882055,-1.0238529171038666,0.251435817189703,5
88099b436dfffff,-0.2174908816796931,-0.7942361579801126,0.03263072057697214,-0.9913451006062353,0.1839340919802584,5
88099b4745fffff,-0.05194536621143597,-1.1117469698730456,-0.13291270133226102,-1.0159721438813247,0.5589168243062524,5
88099b4a05fffff,-0.11214413968008685,-1.106084532766397,-0.31085013818784923,-0.7510181801303657,-0.16878157413876121,5
88099b4a07fffff,-0.140314521864149,-1.1097086676425616,-0.28892825592341853,-0.7098132750607418,-0.16722376681569023,5
88099b4a09fffff,-0.2326570306866862,-1.1137423520816663,-0.23421776159304591,-0.6397686791235939,-0.05310974058937684,5
88099b4a0bfffff,-0.2670617121072445,-1.0816091571850792,-0.2367615541963109,-0.605220017884212,-0.06253222043971157,5
88099b4a0dfffff,-0.1980900094756467,-1.1537211339802134,-0.29759264694842197,-0.6112242942963093,0.0022970505235711536,5
88099b4a19fffff,-0.18646081131312436,-1.0055453649592698,-0.31858509593112894,-0.630673366788647,-0.031977676917123166,5
88099b4a41fffff,-0.31051010107692534,-1.0826267079587026,-0.12212543394666325,-0.6404584075666067,0.036338845711907874,5
88099b4a43fffff,-0.30654542361176607,-1.0612665257446021,-0.15778025661486023,-0.6452857899160541,-0.0402075051859056,5
88099b4a47fffff,-0.26590936406488497,-1.1223455990743465,-0.17138975837562986,-0.6140617162439224,-0.03859132543419591,5
88099b4a49fffff,-0.23537485036691186,-1.095174555714007,-0.17002176417181203,-0.6135212405259003,-0.054052909251152303,5
88099b4a4bfffff,-0.2507386901898964,-1.0494626062575956,-0.24020084796746138,-0.5981813315219957,-0.07365108919475744,5
88099b4a4dfffff,-0.1457988801551825,-1.236787417115527,-0.16510518390084616,-0.6518348906810458,0.04712962148219724,5
88099b4a53fffff,-0.236789399430001,-0.9744080903864596,-0.2701624965579084,-0.6189503727950664,-0.025552519678430696,5
88099b4a55fffff,-0.2964824176435831,-1.0099734489917407,-0.23804349220630056,-0.6498749958974672,-0.058769112284101976,5
88099b4a57fffff,-0.22978506609869043,-1.0267449091344938,-0.3125162835237881,-0.5926629533906144,0.02529449950314988,5
88099b4a5bfffff,-0.2566380471158138,-0.8964900652526258,-0.1803230098988447,-0.6677758640252952,-0.026471633349113288,5
88099b4a5dfffff,-0.34561791869269365,-0.9576186247524268,-0.15390454936089648,-0.6492920947692185,0.061031489321357546,5
88099b4a69fffff,-0.26087333913953664,-1.2110370479191488,-0.11279725994563589,-0.5967694350140189,0.07633128824238733,5
88099b4a6bfffff,-0.2658251810987004,-1.2019646316609514,-0.12411031464460964,-0.6256553753892644,0.11015654477533032,5
88099b4a6dfffff,-0.2255433541028879,-1.0313438558830166,-0.2540737354292931,-0.5793581484681618,-0.11681201433121113,5
88099b4ac9fffff,-0.18729611033494603,-0.9681057863584961,-0.28671872715413316,-0.7057005390287552,0.11131699626123948,5
88099b4ad9fffff,-0.15675498253703612,-0.9939761057219098,-0.27647238113741396,-0.8386253461506021,0.278099723616675,5
88099b4adbfffff,-0.23754267736018564,-1.0325241960126812,-0.101199418701104,-0.8823845516569939,0.2708350254099616,5
88099b4addfffff,-0.15953839721247481,-1.0089089685049983,-0.18288308271709258,-0.7805018716823566,0.16834442657439463,5
88099b4aedfffff,-0.23315544426425966,-1.0808950257549237,-0.4324081485126942,-0.5395620914769674,0.02858723770143895,5
88099b4b45fffff,-0.25239823085492735,-0.8274424577210707,-0.37398163542727425,-0.5748196632428015,-0.49582644396849457,5
88099b4b4bfffff,-0.19661394472122612,-1.10950315679608,-0.2649798733965395,-0.5950679072366598,-0.23070499589937926,5
88099b5001fffff,-1.1842664957434943,-0.10077633489482196,-0.2623630993990049,0.20405583959777496,2.004654027802926,0
88099b5003fffff,-1.090524152529188,-0.1285221486978873,-0.20372072492513132,-0.20072409611376285,2.0592140823221037,0
88099b5005fffff,-0.9380769818122995,-0.3229523161842863,-0.163399338210409,0.06220192332269037,1.7804901460570268,0
88099b5007fffff,-0.8033056243856194,-0.22374063218204399,-0.1584134361568042,-0.6700444255880795,1.7806130000727942,0
88099b500bfffff,-0.8972012762838806,-0.44287281148023416,-0.3899794979132025,0.6799211931749255,1.5787657782314173,0
88099b500dfffff,-1.1786495841908824,0.01656967453482079,-0.3804435509028153,0.4254876019062094,1.9254815708155026,0
88099b5011fffff,-0.7390888399337697,-0.7164982961957235,-0.10601469760540604,0.04818351843321289,1.6004177500432806,0
88099b5013fffff,-0.6564481519264698,-0.6754223224719841,-0.10756146660317169,-0.06370450437208675,1.1943763410546104,0
88099b5019fffff,-0.6927507948410724,-0.5857192113804164,-0.22750407087999805,0.1042868877809563,1.4048305242879642,0
88099b501bfffff,-0.8254062110085663,-0.8055859470546001,-0.020268206096844377,0.02741745804730311,1.5404606773760294,0
88099b501dfffff,-0.6480975826156522,-0.45667374892608037,-0.333885009720107,0.004766400599771958,1.4884235171834912,0
88099b5021fffff,-0.43833469199969144,0.2224547201217191,-0.5443076619488824,-0.658564827110979,1.3576948034228664,0
88099b5023fffff,-0.6581686891930638,-0.08960423714690552,-0.26530613079828946,-0.400943418491044,1.403084308137352,0
88099b5029fffff,-0.7333358920981452,-0.2975634545405773,-0.011682885349748873,-0.1577660884941455,1.5792479300353164,0
88099b502bfffff,-0.55517813558541,-0.2205467579043309,-0.08262850432921598,-0.746121654477493,1.3760257169175394,5
88099b502dfffff,-0.5434327073055683,0.2955694299249098,-0.6346748407875412,-0.6005023504180009,1.6054403774754937,0
88099b5031fffff,-0.671864843513394,-0.0009419052158061714,-0.27372102867847586,-0.5734586919571604,1.2593136306273294,0
88099b503dfffff,-0.37341302506845186,-0.32595160873508255,-0.051243316341539835,-0.8942316916953916,1.2328794513175179,5
88099b5041fffff,-0.9536883577880124,-0.14119370328201525,-0.29838360308631195,0.7393276861246196,1.2790083585635375,0
88099b5043fffff,-1.3673250512911355,-0.11193143675100023,-0.1181597894947153,0.8412860611477351,1.7337626999850317,0
88099b5045fffff,-1.0764684548620147,0.3737880750723227,-0.5512237311721222,0.6404347176181023,1.576554599233972,0
88099b504bfffff,-0.8550412067669353,-0.19712249191227282,-0.34683718905633665,0.6739086052047013,1.6789545361140972,0
88099b504dfffff,-0.9958227696755659,0.24535762550272472,-0.664142462267243,0.7742694939461527,1.1463222963751916,0
88099b5051fffff,-0.8655687279242457,-0.6559010691381253,-0.2696126009467813,1.0054322126617123,1.4697940132076424,0
88099b5053fffff,-0.9176381925886586,-0.5013448006999588,-0.3611642444488735,0.7874386842684853,1.582192383230161,0
88099b5057fffff,-0.8913337376198045,-0.495156629871479,-0.387252933834248,0.8593007198809409,1.546352786137152,0
88099b505bfffff,-1.1322008911351216,-0.4798014074109045,-0.13181343254836914,0.7888197911250101,1.992854742793071,0
88099b505dfffff,-1.3261017309121883,-0.3740548305075404,0.025141986945544884,0.9820885829113328,1.9624042703392433,0
88099b5061fffff,-0.9305532717094396,-0.14709805227275063,-0.38005394844470286,0.38887258483753057,1.4738725757434723,0
88099b5065fffff,-0.4969868306322193,0.22839524859313926,-0.6240213763613547,-0.0323006401420749,1.3327026985077373,0
88099b5067fffff,-0.6513336089766881,0.08358441730949243,-0.2595880791828077,-0.39578742243328746,1.6866633006391611,0
88099b5069fffff,-0.843302449348321,0.20191773811864416,-0.6099241798247239,0.36020279965569596,1.121010100655658,0
88099b506bfffff,-1.0239926229599057,0.052633607797979154,-0.378818396684703,0.26350516937944624,1.8299300974027846,0
88099b506dfffff,-0.9720409860515713,0.057281841950623996,-0.6423114300743586,0.7899473946568591,1.4767411970573519,0
88099b5081fffff,-0.45294777068041536,-0.9109377069933562,0.14862317888861196,-1.1802174968003227,1.3382620234179667,5
88099b5083fffff,-0.515797835779492,-0.8698488690185091,0.20227686814088736,-1.3148613552800896,1.5126280604396618,5
88099b5085fffff,-0.9745308324842097,-0.6913066994877293,-0.05482037663899991,-0.3123793388234405,1.6498912297126846,0
88099b5089fffff,-0.38061511218545074,-1.115058973375674,0.07411343841983092,-0.5454074054417978,1.0329666015563241,5
88099b508bfffff,-0.3290413570777396,-1.1660309170163132,0.06315715882346243,-0.5744264322130591,0.9506197320190802,5
88099b50c1fffff,-0.6404074215582024,-0.7494857984321605,-0.07375448945995525,0.04719455920487059,0.9535188807902142,5
88099b50c5fffff,-0.725202329674927,-0.69759531600077,-0.12663851727135156,0.13139441357718146,1.0706806954018817,0
88099b50c7fffff,-0.47831823977428756,-1.0170958716925353,0.07354177205566248,-0.432098837874784,1.0538584334508518,5
88099b50c9fffff,-0.8352659257165376,-0.6740068390278962,-0.187729445520353,0.2756908755329513,1.2698559083026706,0
88099b50cbfffff,-0.7630126897145033,-0.7123841722669689,-0.16101225331787966,0.008896249876447881,1.0853315807513029,0
88099b50cdfffff,-0.8100317278164626,-0.6508936283689716,-0.22054263575492689,0.19402231197355302,1.2287736332002352,0
88099b50d9fffff,-0.5583712670763998,-0.8253844571055701,-0.12886408749305836,-0.19955698714511272,1.0375212440137402,5
88099b50ddfffff,-0.5672904565902832,-0.8746230683539402,-0.0773936629376232,-0.1761455312962361,1.0217002216300146,5
88099b50e1fffff,-0.7571697886520834,-0.7168594351567394,0.08758564607684799,-0.6019262141646128,1.5481438073517877,5
88099b50e3fffff,-0.7695185130855493,-0.7705517434663616,0.001724284396363518,-0.47990368242935993,1.5067868062367293,5
88099b50e7fffff,-0.7695906040815004,-0.6435886505268357,-0.12824979385504925,-0.450694339487358,1.6145934879731723,5
88099b50e9fffff,-0.7022907780707532,-0.7192682386233248,0.10323564152236023,-0.5011089563216643,1.5024507010325066,5
88099b50ebfffff,-0.6375622979292184,-0.8150633390288028,0.12152353081763356,-0.6241303420675894,1.4320015780179525,5
88099b5101fffff,-0.5333021160660079,1.1694596121460112,-0.7537082890146427,-0.054402657851392616,0.6422201747281544,0
88099b5103fffff,-0.23642345052559682,1.05478882203512,-0.9333585342751929,-0.15228271155462253,0.30107891018529265,0
88099b5109fffff,-1.110439794407526,2.3540265150454944,-0.9255961251723805,-0.01489128479747956,0.819720888820528,4
88099b510bfffff,-0.16624967512621855,1.1701037612166951,-0.7886404634448456,-0.4442030193988938,0.4688809277453496,0
88099b510dfffff,-0.829407503043191,2.4277862009092237,-0.6682295505705916,-0.06840617186526746,0.6691597007844261,4
88099b5119fffff,-0.7290085567400353,1.3544838240165613,-1.1035493482819212,-0.40575248518123,1.3575689204186712,0
88099b511dfffff,-0.4044889815099159,1.233542693251399,-1.0854054516787819,-0.5828368076759738,1.279419861454218,0
88099b5123fffff,-0.12001313904682442,0.9256300242112421,-0.7651288302375736,-0.5021153374608468,0.6266121760111975,0
88099b5125fffff,-0.5011559225905515,1.326649481997317,-0.805825694092449,0.32688771771248976,0.6409485077325717,0
88099b512bfffff,-0.00877617968509023,1.4271453526437448,-0.9037176506732603,-0.43148668012009966,0.6991785538275367,0
88099b512dfffff,-0.6818763840715696,1.691445483779221,-0.8641738670428927,0.29063287343860106,0.8346540636124775,0
88099b5133fffff,0.1359769156918319,0.3402199068782407,-0.7855813012897597,-0.39653810808570655,0.2704745746647333,0
88099b513dfffff,-0.02587062864855577,0.7527668487640189,-0.6234056366524626,-0.47546239204915575,0.49948402030161987,0
88099b5145fffff,-1.0433066419593595,3.390977584235899,-0.462372314698703,-0.44418635711762106,0.8671425297287063,4
88099b5147fffff,-1.1408015294728726,2.8477294953077976,-0.5860224151727316,0.1219710194150758,0.8906092401112002,4
88099b5149fffff,-0.5595338558026638,2.279434359578353,-0.5854647265099793,-0.2912458892415859,0.9885817959696397,4
88099b514bfffff,-0.742031337025405,2.0573179631856315,-0.5669966045652212,-0.09057650194354039,0.8955842302369363,4
88099b5155fffff,-0.5744587378283468,1.4957826696147867,-0.5279172054434564,-0.386280770334935,0.6160334959126981,0
88099b5157fffff,-0.5723546738587494,1.4019034321098447,-1.146819471628206,-0.3868313591956556,1.4643738271544404,0
88099b515bfffff,-0.6378999943115768,0.8150021255650959,-0.954848930714072,-0.25747983472900904,2.0270640343844692,0
88099b5161fffff,-1.3095871995210386,3.178506925546179,0.1288005385275602,0.10698093616080989,0.6705590162749264,4
88099b5163fffff,-0.8389617045047177,2.73083422348581,-0.5305576403858693,-0.1814890793456955,0.7294764171973079,4
88099b5165fffff,-1.303810420484777,3.143242525928014,0.3789759402420748,-0.14402483204977445,0.9997274121629678,4
88099b5167fffff,-0.9662585236912823,2.7070589109550007,-0.5073671489094733,-0.009351573993295559,0.7550106877219871,4
88099b5169fffff,-1.672241842190949,3.644038054228138,0.5228451357362337,-0.16766701728054542,1.0961480782510105,4
88099b516dfffff,-2.278286891090559,3.6597362582462045,1.1266633637552417,0.41764845545983176,1.2252896268021498,4
88099b5183fffff,-0.36390783327224857,-0.6436632222219594,-0.37785122349669914,-0.5685810712806129,0.8772633614085419,5
88099b5189fffff,-0.6089819081134386,-0.6169070319634494,-0.23842029392702013,-0.189547548902221,1.0771778211188525,5
88099b5197fffff,-0.03995784289715958,-0.7828357819336701,-0.21829586710869642,-1.0328983451127702,0.6849377508936156,5
88099b5199fffff,-0.2913963916291057,-0.7129473391588634,-0.18472309768786638,-0.7434794906286386,0.8501754655478024,5
88099b51a3fffff,-0.20851532438028839,-0.7708710728868646,-0.3754444582406363,-0.8107833183722175,0.8114169673230076,5
88099b51a7fffff,-0.18862222881832882,-0.8186218014409533,-0.3340382303166969,-0.7272673659566447,0.5784755914143775,5
88099b51b1fffff,-0.16240014906767436,-0.7797152667646964,-0.37029480466939513,-0.7883546708184762,0.567197545879781,5
88099b51b3fffff,-0.2589055965977196,-0.7260928541988572,-0.18911216636494232,-0.8227684367456913,0.4529937034258865,5
88099b51b5fffff,-0.2270971027529147,-0.7804041837384333,-0.2546696657331444,-0.9394534405955084,0.7939920196636665,5
88099b51b7fffff,-0.19990541147235408,-0.6810522569732023,-0.24922763684884663,-1.0351843162870422,0.610410085611981,5
88099b51c3fffff,-0.6137679305884813,-0.22735742712148013,-0.296170105208646,-0.7176708447071198,1.366259672418016,5
88099b51cbfffff,-0.685058374301794,0.020232500005307963,-0.2685966046734611,-0.4093786506805235,1.2589470589260288,0
88099b51d3fffff,-0.7449664929399668,-0.6612027885752216,-0.11689480936125357,-0.39697789348683055,1.4255114328948746,5
88099b51dbfffff,-0.8940969764757627,-0.5780322473425727,-0.15064938684234558,-0.21953287079973666,1.6345756698031721,0
88099b51ddfffff,-0.881949967543805,-0.46613734449446403,-0.2432943750819645,-0.11471041576397237,1.5427378481098146,0
88099b51e1fffff,-0.10029692376200372,-0.05573371561967849,-0.7543954897870184,-0.4307078491053034,1.2250243849442577,0
88099b51e5fffff,-0.35585523214474823,0.3193593495914256,-1.0307511590608707,-0.12402363709428782,1.260398743647735,0
88099b5201fffff,-0.3164172505809273,-0.261097389930821,-0.15830291326775814,0.9189646944534611,0.914518474848789,0
88099b5209fffff,-0.4278576661588264,-0.6622030127056555,0.16460507453694165,1.7619484189770251,0.738113676194667,7
88099b520bfffff,-0.32989963278793755,-0.8467210926670226,0.05127565273978549,1.5930311013892102,0.8312589551315185,7
88099b520dfffff,-0.3529827334890696,-0.03706964058994269,-0.21451395795232395,1.030983734790343,0.6886325004801124,0
88099b5211fffff,-0.31804114382092347,-0.34313482360143294,-0.4700301364880445,0.9865762685257249,0.6409025668922614,0
88099b5213fffff,-0.5717570619899828,-0.23575238021702033,-0.6333768349475566,0.9589020025890133,0.8789905902082259,0
88099b5215fffff,-0.3159157665783102,-0.4736623512488565,-0.261039272078832,0.9917633798163249,0.5044431352086296,0
88099b521bfffff,-0.42051956814584257,-0.31753050055650056,-0.4288846024050046,0.926315588863202,0.7556873555993677,0
88099b521dfffff,-0.36182299956289055,-0.5199065373663706,-0.11773833314117844,1.006375854699264,0.8530937482389622,0
88099b5221fffff,-0.9135946016846712,0.32999032654800625,-0.4627746569884221,1.0505342655873227,1.1046520293906197,0
88099b5223fffff,-0.4922264292499243,-0.04235306867914751,-0.4844135425303618,0.7693602785407613,0.7362720348404863,0
88099b5225fffff,-0.6458214739996153,0.30886533576392605,-0.8345836169189573,0.8666220109351154,1.1053787244917423,0
88099b5229fffff,-0.8844279101284543,0.7181186494341552,-0.4806645335993777,0.8773239390709267,0.876870745544311,0
88099b522bfffff,-0.9655361280945605,0.38058502077131606,-0.3807484364188948,1.0177678082766586,1.0793138300196627,0
88099b522dfffff,-0.7810128918363085,0.5738400579420266,-0.6642775897597738,1.0497550514663685,0.8982271912480337,0
88099b5231fffff,-0.5509426072562322,-0.2859051699461184,-0.4448569589600966,0.8105379232602842,0.9192019095714852,0
88099b5233fffff,-0.9514747709223605,-0.2699670454981016,-0.18497634100137592,0.9077497789852156,1.645292194163406,0
88099b5235fffff,-0.5477434780211288,-0.2874108809557997,-0.34913558056155763,0.4859579585497403,1.0662852699921237,0
88099b5239fffff,-0.583200161854896,-0.4483684713896665,-0.11663908018307506,0.8991475226864099,0.7006994067944395,0
88099b523dfffff,-0.3809125963925633,-0.12879065277787483,-0.4075990957442773,0.6983488783908306,0.5864483735716577,0
88099b5241fffff,-0.8593064823323968,-0.6709850131149984,1.4597177463804918,2.325318069619425,0.5219369549548347,7
88099b5243fffff,-0.6068045597496252,-0.8175243955923064,0.8468043660303415,2.551874273596378,0.3415289481079631,7
88099b5245fffff,-0.8547394343807815,-0.4891447903878742,1.2093198690253357,2.4239920735674576,0.8247387871952107,7
88099b5249fffff,-1.0007528879168093,-1.2981906404341008,1.5533490090011324,3.0635659742337698,0.7039290816250581,7
88099b524bfffff,-0.7981682782355883,-0.45815435295628526,0.8594246931914105,2.5437416020973385,0.295916731456663,7
88099b524dfffff,-0.5414701894405095,-1.603665222273242,1.6596844178094945,2.971798926531334,0.25368686344054214,7
88099b5251fffff,-0.2640662000753816,-0.8486543042286999,0.23121329707023497,1.6573220504671706,0.6253288640379343,7
88099b5253fffff,-0.21951624265002267,-0.9399905462303374,0.21337427351985808,1.6306769020477205,0.7442653180537285,7
88099b5255fffff,-0.26330198714353387,-0.7899191712428892,-0.0002322451769907613,1.7939615061563248,0.8289936847132678,7
88099b5257fffff,-0.18922685462319377,-0.8963041815344488,0.09273771192653324,1.5370659607954653,0.7685626842168274,7
88099b525dfffff,-0.4655976461755599,-0.8017500163322177,1.0365300106608974,1.799809228734889,0.42369486581988525,7
88099b5261fffff,-0.9411980864266039,0.8258224283996694,-0.3323934397699961,1.2548003685010254,1.0145272425692833,0
88099b5263fffff,-0.5574460887436539,0.5096476209900564,-0.3986763297311416,0.9022725064274145,0.69613234462801,0
88099b5265fffff,-0.5564020877449073,0.5375820101272589,-0.5247286456954703,1.5976168563599193,0.6915361959681423,0
88099b5267fffff,-0.6905687115717358,0.7343839174676103,-0.4200610797685176,1.0894280924811692,0.775592061738382,0
88099b526dfffff,-1.09253622256929,1.1583640181419177,0.2622675732366112,1.3989982489026132,1.0959647468018092,0
88099b5281fffff,-0.8409185292184286,-0.5932465920101614,-0.30978908192082255,0.8428442884640532,1.746946643748511,0
88099b5285fffff,-0.7554652596696484,-0.7446321516048672,-0.26289566870851383,0.8555278230063852,1.5461508644208921,0
88099b5289fffff,-0.5242125761239869,-0.6454537771816986,-0.39786985973520067,0.9476943008640688,1.020198071459203,0
88099b528bfffff,-0.6450638422996728,-0.7144473659659175,-0.2962058848032446,0.830947897038518,1.2553223419570492,0
88099b528dfffff,-0.6465832520447111,-0.7024858069098625,-0.3359907890165643,0.9722482730502703,1.2576377799791774,0
88099b52a1fffff,-0.8983412495187112,-0.7906504052413814,-0.17800038080962144,0.8645705902722389,1.6407375859509505,0
88099b52a3fffff,-0.7170674863751622,-0.82894887265401,-0.09667206360207568,0.24200357781362647,1.5839557387583205,0
88099b52a9fffff,-1.0170427945145084,-0.6223663641630646,-0.23603669034133307,0.9931311515613,1.8839176951562187,0
88099b52abfffff,-0.9127845853708894,-0.7421620446458801,-0.17834597089938678,0.8649020643502354,1.7165071400920566,0
88099b52b3fffff,-0.818321813680947,-0.7103960535823932,-0.028205738443270262,-0.18690913984445146,1.737341706060435,0
88099b52b5fffff,-0.6504329186782846,-0.818070211942423,-0.11566894315719631,0.08011599535891278,1.3821417891814973,0
88099b52b7fffff,-0.7933158059195385,-0.746371992930996,-0.1772884719302925,0.15116378569920164,1.2324458312986848,0
88099b52bbfffff,-0.7589600853528808,-0.8426171850755351,-0.06739080009707754,0.3928669212630336,1.522491241182014,0
88099b52c1fffff,-0.6615469381127256,-0.29951843445808896,-0.6051800636757059,1.1658682536594578,1.0391255242732955,0
88099b52c5fffff,-0.7290567357120098,-0.3922219625722852,-0.5847963131627429,1.2551636760745017,1.000210752781878,0
88099b52c7fffff,-0.8014810918289854,-0.417372417549517,-0.5329785285246706,1.198369048569128,1.2484352655879178,0
88099b52c9fffff,-0.41614518502394393,-0.6983770321906452,-0.3642482586996983,1.6172052794873344,0.6568064935475832,7
88099b52cbfffff,-0.5267568563189045,-0.3465294587174752,-0.5513200084488354,0.9922672750323276,1.0449460949738454,0
88099b52cdfffff,-0.5630453732981824,-0.13327590448159993,-0.5140363754799064,0.9942065005607705,0.8215166551315816,0
88099b52e1fffff,-0.6459952036996198,-0.6609856761785202,-0.23099931650257224,0.7197352143979571,1.1322869129521522,0
88099b52e3fffff,-0.865680277572152,-0.6337375132518822,-0.3231027107008943,1.0423627017464774,1.5880386833520193,0
88099b52ebfffff,-0.47054311847932506,-0.6102542814704628,-0.46153240893771585,0.8297174935788719,0.9512424096958488,0
88099b5301fffff,0.0634144576300616,-0.17625183859133006,0.1292422874324123,1.2630662492926548,0.25797691687265717,7
88099b5305fffff,0.22466518606397554,0.07606534175309831,0.7297783411200918,0.20386558027524843,0.13962904302098997,5
88099b5307fffff,0.23836617896860485,0.28936073578813115,-0.05441658438339749,0.46911898546095315,0.20423305489546778,0
88099b5309fffff,-0.42095230272166406,0.266326139815136,-0.19352647494759567,1.4857946102028319,0.3382587211512864,7
88099b530bfffff,-0.17651712082851656,0.03568726786464044,-0.43819594946917423,0.7974897311212652,0.5280947602307425,0
88099b530dfffff,-0.04640116058208654,-0.34735033221446104,1.0772360754057657,1.672990178366929,-0.15319928721665554,7
88099b5311fffff,-0.3495109132688107,0.14813912111430588,-0.7605132447874403,0.495038103283958,0.6708745378155611,0
88099b5315fffff,0.04890753405356796,0.16615464072958802,-0.8612812024294538,0.34384137473562326,0.4644584834781148,0
88099b5319fffff,-0.42111151784837497,0.1670877886530724,-0.9083065165497952,0.9348734543182314,0.6736815287531476,0
88099b531dfffff,-0.05276163772171227,0.0460329657418051,-0.7141148214427735,0.4078480351176857,0.6489004799019323,0
88099b5321fffff,0.11173217615036785,1.1434399452778783,0.19229653002065727,-0.09464689454238784,0.6036509730770864,0
88099b5323fffff,0.061282909561234084,1.2725523232924847,-0.29715289763006253,-0.14055329506405062,0.4728516882216177,0
88099b5325fffff,-0.24843256355245236,1.9542010145237743,-0.20259816546772585,0.4408826145454233,0.5856431190411692,4
88099b5327fffff,-0.42023153551199277,2.4829140257214646,-0.5586839594935898,-0.004165193664430411,0.7681539730900793,4
88099b5329fffff,0.2458311031788797,0.39622493011405857,0.48321718156759597,0.570897439105273,0.4564292594789132,0
88099b532bfffff,0.3452099395832276,0.057217925748465986,0.3165140733429648,0.028477447784631904,0.5685827216794744,0
88099b532dfffff,-0.11507289127772798,0.7786858248225311,1.059059716191533,0.69171245256203,0.8595956841586774,0
88099b5331fffff,0.38480183698504367,0.19011418364816446,-0.5919816560147487,-0.11108997435730406,0.14392655274696783,0
88099b5333fffff,-0.11422428500909591,0.10918290357862742,-0.8050674521438583,0.3287637353660203,0.5579040495475538,0
88099b5335fffff,0.09255957740053879,1.1866677572421036,-0.6288221768416493,-0.468945850720806,0.8632474354257955,0
88099b5337fffff,-0.18177619952490076,1.251496719538803,-0.9903479305840068,-0.40977091047413305,0.6204836764890379,0
88099b5339fffff,0.32029210656340346,0.25543352152355825,-0.5194137006638879,-0.1257011834950476,0.3270626108297766,0
88099b533bfffff,-0.19870153106531618,0.20362524633724072,-0.8382341816318444,0.5551775138614905,0.34520444890438506,0
88099b533dfffff,0.45998069019414933,0.3356100199790719,-0.3641415314133375,0.06907269357000373,-0.06050675658898316,2
88099b5341fffff,-0.2996871501932081,0.33867847449289246,-0.05280451288370974,1.5307079205411656,0.009627573107791332,7
88099b5343fffff,-0.25097514788632475,0.3624082420504212,-0.1767127410467458,1.3737194522507135,0.3245411847823577,0
88099b5345fffff,-0.32149129742985466,-0.5378381045063597,1.9335273845283616,1.9969159409268715,-0.17951839754383647,7
88099b5349fffff,-0.2936491469390321,-0.03053280235432404,0.5529223841222869,1.9118512100541176,0.041897871098070305,7
88099b534bfffff,-0.5718855060014427,0.3106007759573136,-0.18828244609454237,1.8493763579600095,0.2911917955729778,7
88099b534dfffff,-0.5042062695496607,0.1614635843100665,0.8991585925051375,1.9482091624648883,0.2672481643849181,7
88099b5351fffff,-0.6452430074748309,0.6683912243425736,-0.8491538531672522,1.2879507311881977,0.8756712222043552,0
88099b5353fffff,-0.5739064286096723,0.5737980976474254,-0.8739586694711895,0.9756970191493195,0.9640974726524689,0
88099b5355fffff,-0.5049106230108094,0.09497322938736136,-0.5556414828382865,1.554797496594286,0.563248485388753,0
88099b5357fffff,-0.35714128173538173,0.40506769607686033,-0.853031628392602,0.9161324470987233,0.6885654344262112,0
88099b5359fffff,-1.1280283809418836,1.2632963962084327,-0.5391120361979416,1.736236098593097,0.9556984173753434,0
88099b535bfffff,-0.7511275917200031,0.3773962908354361,-0.7771430034174887,1.8754710830947123,1.042940301969885,0
88099b535dfffff,-0.7565053060332995,0.9384761118984585,-0.15049507561678782,1.3513190829755144,0.29366996118539923,0
88099b5361fffff,-0.05707299757909611,-0.9154434825266865,2.209709634816584,1.751861688092836,-0.04228057015122873,7
88099b5363fffff,-0.25282584588104945,-0.4806566534787393,1.9953018417932902,1.5242601620662306,0.2558954160603916,7
88099b5365fffff,-0.09641871380183181,-0.4131006451932746,1.5865538499974547,1.025055049212488,0.2929224170539988,7
88099b5369fffff,-0.571519983335296,-0.931250005276838,2.7795881230079686,2.48086475351718,0.13092862841590813,7
88099b536bfffff,-0.06732540365388692,-0.9619416927859119,2.4381436152731957,1.298433316131078,0.05095981510377797,7
88099b536dfffff,-0.2252621549237804,-0.5382280876343692,2.337874742806551,1.9410302716095293,0.19253361570681224,7
88099b5507fffff,-0.4988482299278545,-0.7795832167310671,-0.2345512647240086,-0.6019058104651367,0.8263911521781543,5
88099b5521fffff,-0.41255810540960874,-0.8797381890739676,-0.2579547214698061,-0.5722180592348528,0.8034078729754963,5
88099b5529fffff,-0.38748590628434,-0.749731391470844,-0.26106429443328594,-0.63950882487918,0.8097167009055709,5
88099b552bfffff,-0.5160002491602774,-0.7601668165931448,-0.275192394780342,-0.49202355746605864,0.863201095265242,5
88099b552dfffff,-0.37063469288652856,-0.8430936523981809,-0.19483706158383873,-0.6486826786724483,0.7407874758391522,5
88099b5531fffff,-0.39419037756211517,-0.9306223008192854,-0.1863323468581446,-0.5391840891770614,0.7187001105490676,5
88099b5535fffff,-0.3843278038555973,-0.9498567181358953,-0.1490389657009623,-0.5729214328341076,0.716435616253865,5
88099b5537fffff,-0.4646964005700168,-0.9599265553615619,-0.12023101140151682,-0.5276822193658541,0.7576916483291776,5
88099b553bfffff,-0.4212251542824761,-0.8393331667542245,-0.15949493381697755,-0.6220894389396359,0.7816700407070971,5
88099b55e5fffff,-0.35326735340537685,-0.9645931977305736,-0.14796871282912138,-0.5643626795090495,0.633710952729343,5
88099b55e7fffff,-0.3842755863746405,-0.963837198526552,-0.15715600991768497,-0.5661321676582005,0.6653295291523385,5
88099b576dfffff,-0.516373484752063,-0.8266729946248118,-0.0372921479814842,-0.2718928442502484,1.5002694112176127,5
88099b580bfffff,-0.29405650191414556,-0.8594381962291178,-0.3035912910559508,-0.5605777190383925,0.34795619948899736,5
88099b5819fffff,-0.2721252167522475,-0.8551673079897676,-0.34842844214451746,-0.6126551938562417,0.3824638952429357,5
88099b5823fffff,-0.25035882604727255,-1.0721451560875352,-0.33913187520059557,-0.5004300536156459,0.2108048219866733,5
88099b5827fffff,-0.253798633408081,-1.0769907316473377,-0.32748634956920736,-0.5304095454605805,0.15150198897287134,5
88099b582dfffff,-0.31889988031771604,-1.0458719106854433,-0.3385427977973527,-0.3851479581533512,0.4405179727019708,5
88099b5831fffff,-0.17849278990399586,-1.0216100592561563,-0.20115713823823717,-0.8160771920169032,0.03367720308823807,5
88099b5833fffff,-0.25940277847356524,-0.9871494786515712,-0.21057304046032094,-0.7657050038604694,0.05621810360108803,5
88099b5835fffff,-0.243258573504873,-1.0765386124072909,-0.1349662674284821,-0.6485922915602773,0.044746173528406374,5
88099b5837fffff,-0.24255269536914786,-1.1214849566154534,-0.1636139275033313,-0.6942464283687358,0.058411857281734036,5
88099b5839fffff,-0.17106078128457108,-1.0039020120248778,-0.2778574244935562,-0.7819057570939342,0.06365201825589184,5
88099b5841fffff,-0.06372084539951206,-0.6032629190678163,-0.47756638308477867,0.06225925728184123,0.2713762206606261,5
88099b5845fffff,-0.05925534936296545,-0.672372941945141,-0.32005495210481455,-0.2627381145059017,0.055815677709617845,5
88099b5853fffff,-0.29274000581906123,-0.9036018714469668,-0.28983277876384145,-0.4589848304025184,0.434898931833151,5
88099b5861fffff,-0.29455999048559944,-1.0528232742364654,-0.40940968336096695,-0.023496246973232826,0.29355676926181595,5
88099b5863fffff,-0.24503190783369772,-0.8541102645817062,-0.43811746041090593,-0.24731066008500058,0.14841572667916827,5
88099b5865fffff,-0.24340110413901633,-1.1444621104477146,-0.37291412267497026,-0.03940771688149569,0.29949052031577433,5
88099b5869fffff,-0.06971649966457766,-1.1914401170290556,-0.2157351894977635,0.20475962088172472,0.0902465515697843,5
88099b586dfffff,-0.15376347314471556,-1.0916305408546232,-0.42828627173883105,0.10457640479616204,0.14990096678928852,5
88099b5881fffff,-0.3234143444164307,-0.846234110290392,-0.12253369295040106,-0.7452772933399128,-0.007412460563713474,5
88099b5883fffff,-0.2540179047390035,-0.8110971530887555,-0.0805851191970024,-0.7505691035433096,-0.03626685168568278,5
88099b5887fffff,-0.3584749923774379,-0.8422891525570467,-0.0815883653412397,-0.7605496046807926,0.06185355808811521,5
88099b5889fffff,-0.280602952124996,-0.6782308233847821,-0.1612707764768348,-0.8652032370713368,-0.06262070648919071,5
88099b588bfffff,-0.26898099532341874,-0.7452029026611573,-0.09374111306218968,-0.7784459558006852,0.028028557621255334,5
88099b588dfffff,-0.3353271758577538,-0.8101031244760821,-0.13586386312535198,-0.7851410250063721,0.035444592318387924,5
88099b5893fffff,-0.33442521418602716,-0.5616686063941695,0.07664464905188267,-1.0126103959617405,0.15820021650063154,5
88099b5895fffff,-0.2170094410641284,-0.788960292506218,-0.08824972621955596,-0.7888736856192293,0.03506620449486153,5
88099b5897fffff,-0.2403534399437443,-0.7311180253580727,-0.05931479678523088,-0.8803595766942506,0.06569410992371771,5
88099b5899fffff,-0.42372556300185893,-0.6191616620810304,0.17481967969396495,-0.9303460228055903,-0.0527642152763359,5
88099b589bfffff,-0.27493574508496127,-0.792491476185825,0.20091342241763732,-1.0880893186668144,-0.08195573299876813,5
88099b589dfffff,-0.2663919757046376,-0.7521639834385025,0.02398911058684633,-0.8597717586641564,0.08709508296908586,5
88099b58a1fffff,-0.2682803041914023,-1.0009025038808028,-0.13581849940484592,-0.619970095394917,-0.0815522019429527,5
88099b58a3fffff,-0.3323350731144846,-0.9689741693203053,-0.1232118014725897,-0.6542126516011892,0.05370686024371457,5
88099b58a5fffff,-0.15483377786327968,-1.1552504158771733,-0.211017789357073,-0.664572759878547,0.02385580121194386,5
88099b58a9fffff,-0.30057694004673313,-0.8649470676545181,-0.16156315574815067,-0.7195414769662394,0.05686360657093659,5
88099b58b1fffff,-0.2460657700615944,-0.9358907137062915,-0.19195194761740547,-0.6956401294593326,-0.05259025069673229,5
88099b58b3fffff,-0.24389014537168396,-0.860909857160813,-0.15103609708083365,-0.7164980922891138,0.0011996556909023015,5
88099b58b5fffff,-0.3361347912270059,-0.9311729711071918,-0.05625055414926933,-0.7059305518317814,-0.030010453200088494,5
88099b58b7fffff,-0.29097017707603584,-0.9216474146727708,-0.14216988901549604,-0.6988255207113497,-0.0490446035453419,5
88099b58b9fffff,-0.1808782693446993,-0.851640975700977,-0.2962818051844115,-0.7010372632994804,-0.006341872386986247,5
88099b58bdfffff,-0.3505274632356793,-0.8726275014262768,-0.08737000568139663,-0.6997447601982835,0.012750422935721484,5
88099b58c1fffff,-0.2136373785325144,-0.757806616152436,-0.22531259093398426,-0.8340517447607069,0.07426232759356743,5
88099b58c5fffff,-0.3459271981929416,-0.6883359093151061,-0.3216461158849876,-0.7436486820323749,0.12379651152087817,5
88099b58c7fffff,-0.3131646823902203,-0.6758857414545469,-0.2681868122490045,-0.7874265122638142,0.08795777926102083,5
88099b58cbfffff,-0.41977878816940567,-0.61819894998529,-0.2090720960236654,-0.5929705652693036,0.0013507562114231653,5
88099b58d1fffff,-0.4411409594574741,-0.6493253355817568,0.16486057840117058,-0.8172553765810002,0.04319055805789618,5
88099b58d3fffff,-0.36197844197469536,-0.5742162593273245,0.010257059492918663,-0.9684746505003362,0.16829837911612988,5
88099b58d5fffff,-0.277818737186664,-0.7925363992873585,0.04199962931015813,-0.8207804381129384,0.01598806716938661,5
88099b58d7fffff,-0.2883771362330354,-0.695123936132499,-0.06300989217415937,-0.8122580569301745,0.007019516201906328,5
88099b58dbfffff,-0.27418098031166077,-0.6213316614078195,0.0055637494960621425,-0.9607557497344691,0.256859259157792,5
88099b58ddfffff,-0.31376240898421354,-0.6630119576720779,-0.09004660346708732,-0.8029531024409474,0.04370039874274828,5
88099b58e1fffff,-0.180620612541047,-0.9296336369268017,-0.2002435194171977,-0.8205511434333674,0.07207145497495682,5
88099b58e3fffff,-0.3069153069920017,-0.8481238701053897,-0.13403157650720243,-0.8043126586758592,0.031982712720529105,5
88099b58e5fffff,-0.2522012451598175,-1.0941951805077434,-0.1850145257517412,-0.5919862878129538,0.023351295835391472,5
88099b58e9fffff,-0.23675810747439535,-0.8147122205705372,-0.2211523207151711,-0.7706292518686129,0.054854349361493304,5
88099b58ebfffff,-0.30153748244189327,-0.6785674845913581,-0.30087039198928567,-0.8156519047512087,0.034319935493806186,5
88099b58edfffff,-0.24699437191321288,-0.9345082218220326,-0.17665593050679307,-0.8316020763106643,0.1343932465922259,5
88099b5903fffff,-0.27553088070036863,-0.8868946389577343,-0.21740416603626067,-0.5877744437988232,-0.13310923993795598,5
88099b5905fffff,-0.27016996529138226,-0.4912596552176684,-0.3246277602069302,-0.5855901509509613,-0.7370321236559731,2
88099b5907fffff,-0.3740397637616178,-0.5766928932129896,-0.2923889723526932,-0.42891051063412344,-0.5826894062083772,5
88099b5913fffff,-0.19049786830449,-1.2931027130959258,-0.30326014785647376,-0.4438703901333322,0.3650674695757507,5
88099b5915fffff,-0.24883063936784822,-1.0485700763377968,-0.20914562132139464,-0.5240634515300961,0.10994020933962653,5
88099b5917fffff,-0.2639246128893105,-1.0750336823281041,-0.2021362198180055,-0.5324840153297565,0.10850280514332752,5
88099b5919fffff,-0.2522864885168109,-1.1822104084216138,-0.34979098757454113,-0.35257791691832996,0.3834862419264548,5
88099b591bfffff,-0.32482148085938806,-1.2209749595958763,-0.2789481027845876,-0.2904703685309221,0.4439598393558396,5
88099b5929fffff,-0.1964959576055949,-0.3492163132640388,-0.20565472564399154,-0.7056853884211878,-0.7345162158813915,2
88099b592bfffff,-0.40015432396612266,-0.5037697961255785,-0.19242207331815214,-0.5831825463729375,-0.6057916687644143,5
88099b5933fffff,-0.24246504770232885,-0.9483915961693423,-0.14873481258966148,-0.7411517241319376,-0.028256400655746472,5
88099b5939fffff,-0.19921306899459723,-0.728572201394206,-0.29261053773194684,-0.7124808951565176,-0.4599595883340195,5
88099b593bfffff,-0.3028558692244332,-1.0392376048348564,-0.17282945789216259,-0.5373204636366362,0.10360849066003466,5
88099b593dfffff,-0.405483793067586,-0.5667271238686983,-0.278294986167719,-0.44164307256474916,-0.5485584423823227,5
88099b5941fffff,-0.41057602521854236,-0.5826930890746301,-0.3423100336002259,-0.20554854012576096,-0.1948844751486814,5
88099b5943fffff,-0.26970157520956717,-1.0759100154654144,-0.3642355536573786,0.010717266843820128,-0.0739949112413038,5
88099b5945fffff,-0.2521595654068474,-0.32095546314853973,-0.2564123367539681,-0.39920496288926,-0.9010045136847521,2
88099b5947fffff,-0.32745234538841717,-0.40042438198009533,-0.26285640662905924,-0.4008511646846251,-0.6968634215605134,2
88099b5953fffff,-0.25734975537901345,-1.0516703783674541,-0.3948865653464776,-0.42355031840937685,0.41482591111312955,5
88099b5955fffff,-0.2907858291786055,-1.0834115697244855,-0.33007167071065047,-0.11600822705496783,0.017550470635431165,5
88099b5957fffff,-0.33254163877402143,-1.0593259163155215,-0.34527578220266153,-0.2678619390156092,0.308657263524866,5
88099b5959fffff,-0.27149257481477346,-1.1209364477670085,-0.40121686985663085,-0.007060470316636813,0.26849556521492135,5
88099b595dfffff,-0.27493158129712764,-0.9774937564029984,-0.48407499604921456,-0.02758231394936983,0.0670903561095284,5
88099b5963fffff,-0.22645436166001526,-0.26815880416670557,-0.2928439365556255,-0.7082172672184525,-0.6997050434720468,2
88099b5965fffff,-0.3126368631242393,0.05023364256953533,-0.09630768826186167,-0.8643332740511318,-0.7971768303214197,2
88099b596dfffff,-0.1879080208547962,0.007597005096533549,-0.033643081215323,-0.8400356293546412,-0.921831005194022,2
88099b5981fffff,-0.2675053100212089,-0.9673267432177215,-0.3281750203033794,-0.5383038823211763,-0.1784903202557126,5
88099b5983fffff,-0.3032143360116695,-1.0506450428916885,-0.20901115440143464,-0.49145911342011106,-0.19548009057352939,5
88099b5985fffff,-0.13629360771219778,-0.9772816878262646,-0.28388147769758965,-0.7207696864920446,-0.2089064746129991,5
88099b5987fffff,-0.1791937556494172,-1.0814630728614472,-0.29289166546574863,-0.5985048491391441,-0.19841743707999038,5
88099b598bfffff,-0.2847873600317435,-1.1022583579610175,-0.29700974083101095,-0.4460023193310776,0.011212127498608504,5
88099b598dfffff,-0.21379418271365935,-0.8386132654643943,-0.3739197886098605,-0.7548307454805883,-0.18001174363316502,5
88099b5991fffff,-0.15844351095998915,-1.1797575227821278,-0.2848102590095383,-0.5330811456825879,0.025058713867609772,5
88099b5995fffff,-0.2723344872410732,-1.1148421139250564,-0.24972281945837682,-0.46632192753244767,-0.014549135847806538,5
88099b5999fffff,-0.16949272818298305,-1.230662387437261,-0.20419772808164327,-0.5350968992105132,0.049247652859868374,5
88099b599dfffff,-0.24441355830736505,-1.1204247252830044,-0.26979724513625863,-0.46744506476811365,-0.007706476444257981,5
88099b59a1fffff,-0.1484698426227366,-0.965151562079597,-0.311866639845116,-0.7265894707699705,-0.1462924741345878,5
88099b59a7fffff,-0.11053910701395925,-0.8656489191160761,-0.34325794357961215,-0.8529270389921548,-0.3120949285962611,5
88099b59adfffff,-0.15721561874844625,-0.8270248440015959,-0.34256547396622244,-0.8155422681995295,-0.2187847344672954,5
88099b59b1fffff,-0.2244205469046523,-1.0187643593960591,-0.32565730494949885,-0.47889128661116737,-0.21688301686365485,5
88099b59b3fffff,-0.18310247170450028,-1.0211884467044794,-0.32276846200010356,-0.5581521588489231,-0.21199260350253274,5
88099b59b5fffff,-0.18186354112165948,-1.0979994466686742,-0.30192516510853123,-0.5955191613538566,-0.21792407684134613,5
88099b59b7fffff,-0.3723423857209417,-0.9900713865541991,-0.2991719438628888,-0.2529768283565835,-0.3778875262646041,5
88099b59bbfffff,-0.22414408114536866,-0.9974986464164033,-0.3097863123978225,-0.5170024025538422,-0.19236928917553497,5
88099b59bdfffff,-0.1867288097123112,-1.116403551645559,-0.2837917191571891,-0.5319117357285484,-0.24423921377665542,5
88099b59c1fffff,-0.22174685255100135,-1.0892770059736678,-0.33088739902794007,-0.45664729531726533,0.012991488896555214,5
88099b59c3fffff,-0.3246840460620569,-1.0686398021020436,-0.23802518378346516,-0.49115577080932826,0.05089543923545531,5
88099b59c5fffff,-0.06782117828200668,-1.0887362593837042,-0.4473470778784196,-0.6006242955123409,0.04022828003248308,5
88099b59c7fffff,-0.20857778525120096,-0.9947513544725815,-0.36582944651915855,-0.6448633758858631,-0.026806320078334778,5
88099b59c9fffff,-0.1479570570915545,-1.1082500392966392,-0.3720250791236219,-0.483773220832308,0.06096099806203875,5
88099b59cbfffff,-0.2241552598489494,-1.0637752693205336,-0.14659472088961628,-0.7003008470005435,0.011962803917375864,5
88099b59cdfffff,-0.21901119511898004,-1.0477122654961555,-0.34502913433530813,-0.5599776935194316,0.1711406871860174,5
88099b59d5fffff,-0.2722301289535833,-1.1109194871737615,-0.25322655510447223,-0.5280206226197361,0.00243599843103931,5
88099b59d7fffff,-0.1864251821436499,-1.0843279913766182,-0.3479268072465269,-0.5210135166096402,-0.023472399597553928,5
88099b59d9fffff,-0.275630757939617,-1.1181807698552557,-0.12356555237962802,-0.6411800998865935,0.013819564061304468,5
88099b59ddfffff,-0.2708919589867746,-1.0796892014353394,-0.19765425375359352,-0.5642679598256559,0.00922502742860426,5
88099b59e1fffff,-0.19469018268464394,-0.9455041563241124,-0.33702696164344326,-0.6997486643935085,0.015618615846141048,5
88099b59e3fffff,-0.1586048785811165,-0.9666143130878132,-0.3488955878746235,-0.5934301733114198,-0.13879614922235678,5
88099b59e7fffff,-0.23395840449429406,-0.9068982355606543,-0.35249174119303156,-0.6703043899824883,0.030909723751890883,5
88099b59e9fffff,-0.1913848365561308,-1.0908156853760598,-0.29622738164161816,-0.6148835465254351,0.17503788021498487,5
88099b59ebfffff,-0.05029014806858123,-1.1344817946025831,-0.3698086255681011,-0.6084539818840717,-0.23235131672379639,5
88099b59edfffff,-0.2478515294665865,-1.0819509851398394,-0.22530457501422585,-0.5917581500478475,0.10922427253125791,5
88099b5a03fffff,-0.25647959176658364,1.0499095174879587,-0.8434543186108661,-0.10244272011088995,1.2741599561055084,0
88099b5a0bfffff,-0.43627640374872617,1.545980752006698,-0.8553670258056295,0.15437038071731773,1.2753380783349182,0
88099b5a0dfffff,-0.3280078047449254,0.9492731776102448,-0.42299659860120187,0.3112368669950975,1.2812483359355658,0
88099b5a11fffff,-0.39033334234747524,0.8402785584676913,-0.6016112955357668,0.20532811367314086,1.0303491842313517,0
88099b5a13fffff,-0.23514434951757546,0.471980436984797,-0.6232476869479918,0.06456218487692272,0.6076228296944749,0
88099b5a19fffff,-0.5876386697378042,1.2544608265734443,-0.6584522537963129,0.15200874082859228,1.0812143277410313,0
88099b5a1bfffff,-0.4128197682475092,1.1803803542142282,-0.7502129929890944,0.15330543678410313,0.6005830097098865,0
88099b5a1dfffff,-0.4837382346991242,1.2782622406312885,-0.810035471909873,0.2893186063310425,1.2933995439792962,0
88099b5a29fffff,-0.18920801393993758,0.024642149891918097,-0.27559986639069145,0.09070618044915585,0.45507892627525015,0
88099b5a39fffff,-0.23000380242316254,0.4033195389449391,-0.7815374563794806,-0.24821678980457496,1.1131984714199432,0
88099b5a41fffff,-0.5771648402029599,2.800946547881437,0.0914838453317379,-0.30301428736403363,1.2176444566747004,4
88099b5a45fffff,-0.3732894310589666,1.4499872458735186,-1.0126100100161384,0.5694528722561516,1.45057482043737,0
88099b5a47fffff,-0.32550073054217216,1.8732665038159309,-0.2558523047632556,0.2464239278015604,1.0583037764485999,4
88099b5a49fffff,-1.0173376903225413,3.4945878461220863,-0.016800122109286206,0.24435038261469932,1.3261590173986308,4
88099b5a4bfffff,-0.7746008217833252,2.6036160253040874,0.613822991022594,-0.3402254869997717,1.587099453603162,4
88099b5a4dfffff,-0.1971279446822352,2.1847604282704163,-0.7663258678030177,0.26116291729011026,1.5551088033440519,4
88099b5a51fffff,-0.48695516437725295,1.6891102921870673,-0.23948907645775602,0.10880832016492517,1.1523384703105375,4
88099b5a53fffff,-0.5506862973152649,1.5829682557966407,-0.7584892081316342,-0.09696915582342142,1.2158032552509985,0
88099b5a55fffff,-0.7633696882507565,1.8355045326062598,-0.41070600587818185,0.4230479595179826,1.3308794152676526,4
88099b5a57fffff,-0.40010937503975263,1.0420173899140113,-0.6379264308010787,0.500264612000879,1.227226153853935,0
88099b5a5bfffff,-0.6580105768757019,1.9701378093168542,-0.5660716316256548,-0.03761150732455176,1.4009601311225313,4
88099b5a5dfffff,-0.9692715384494273,1.89138488522469,0.5269655037649893,1.0455108577214018,1.3650602418514932,4
88099b5a61fffff,-0.03780271045833228,0.3584413882480606,-0.9431355155728404,0.8175535455363809,1.0962908302906365,0
88099b5a63fffff,0.08375317858221226,0.5803984106938732,-0.629620964765133,0.1981101747326739,0.7389577378083378,0
88099b5a65fffff,-0.31937558802847876,0.35730879501233603,-0.5440799364503749,0.9061102196182989,0.6010548412823562,0
88099b5a67fffff,0.004629452110885723,0.28860711669415584,-0.5880001775561791,0.30322078808531394,0.5228436283255714,0
88099b5a69fffff,-0.005884926633364304,0.7290560922011873,-0.9078231713913412,0.5854504583804332,1.2351750238850732,0
88099b5a6bfffff,-0.7449111492701397,1.1732768715521957,-0.4452750614682477,0.5786795921283215,1.5380322176369778,0
88099b5a6dfffff,-0.08578962261870993,0.3128179058667174,-1.074933509283138,0.8881672130259731,1.2625104729348038,0
88099b5a87fffff,-0.3670699413478932,-0.5968005919477379,-0.3091839094559736,-0.5535774526253687,0.2347523620311283,5
88099b5a91fffff,-0.23049092615630534,-0.6448891811186659,-0.2142933928175561,-0.6858421462991409,0.2446254947799875,5
88099b5a93fffff,-0.22805267757224806,-0.6985441548526279,-0.18574194944504796,-0.8525446482460749,0.2306967269890778,5
88099b5a95fffff,-0.20662065026218568,-0.6213734555675626,-0.19208588805580296,-0.7026829766951515,0.21225066008356053,5
88099b5a97fffff,-0.21034830466785553,-0.6988020509471305,-0.13864952489564414,-0.764522231715917,0.19792517731830067,5
88099b5a9bfffff,-0.2632818962921746,-0.74674020911393,-0.2722605165225891,-0.6758768706282328,0.4668908423813477,5
88099b5aa1fffff,-0.3306884630961509,-0.8636355359267592,-0.14318904994766518,-0.6261547535720231,0.2981042586199004,5
88099b5aa3fffff,-0.33537490628697114,-0.6220186850546228,-0.3025743688874656,-0.6579004394101416,0.19621273091026692,5
88099b5aa7fffff,-0.22373066397711966,-0.7750671703718974,-0.25793281459067485,-0.7628914448650084,0.09221705150230763,5
88099b5aabfffff,-0.4399799593787501,-0.6047290693411009,-0.24483291040855587,-0.6440124942699215,0.34367328975993483,5
88099b5aadfffff,-0.2843648960667105,-0.8718027367965002,-0.19760565294307614,-0.5493027394873902,0.49341211143022795,5
88099b5ab1fffff,-0.40216773239800524,-0.5894156389959855,-0.08206901499479008,-0.7530660587619292,0.12745179173600218,5
88099b5ab3fffff,-0.2327180895133819,-0.742997033492767,-0.03111482955439665,-0.8910584621926787,0.06965748398854571,5
88099b5ab7fffff,-0.3437678641374922,-0.6093181955188205,-0.18703146076901334,-0.6434371471724624,0.07424809678561656,5
88099b5ab9fffff,-0.2065027699674764,-0.6860050388587338,-0.19887439700710885,-0.7291360096582242,0.006386437598201844,5
88099b5abdfffff,-0.3041110628489203,-0.6291883667515086,-0.21410596649013752,-0.6860137704263256,0.1046313309793192,5
88099b5ac5fffff,-0.2488708834985549,0.5610069348317052,-0.8257043528855075,-0.0810503988481806,0.6148583016675371,0
88099b5ac9fffff,-0.021780965007202058,0.9385333540342344,-0.8378425843609165,-0.47074155885253055,0.38114318785969953,0
88099b5acbfffff,-0.18596422844964935,0.5343452955037002,-0.8087131201993978,-0.13687650638212673,0.5038071209802012,0
88099b5acdfffff,-0.09167188676133364,0.7483730402062172,-0.803072734790333,-0.09364378819225871,0.3531072807160921,0
88099b5ae5fffff,-0.11120181615975111,-0.05038333650207577,-0.5457166049555756,-0.02931766831886351,0.178462900865308,0
88099b5ae9fffff,-0.24848827840586563,0.28625878457803017,-0.5532335327949771,0.127602942836465,0.518179920030033,0
88099b5aebfffff,-0.13697686077468746,0.4412745545418799,-0.8270709823824841,-0.23645482617027236,0.2057106839810226,0
88099b5b05fffff,-0.13317352731014237,-1.1912347057279224,-0.02246904383511672,0.41530723837955064,0.10297995515459751,5
88099b5b0bfffff,-0.27227244637864917,-0.3210004950899989,-0.6682229876198503,0.2953807554193731,0.5619909971310926,0
88099b5b15fffff,0.04730915720634293,-0.5214464734216407,-0.32641239746357165,-0.35964976960286715,0.17354805955801414,5
88099b5b17fffff,-0.14322808464221365,-0.760080910413467,-0.3577431500373487,-0.03902862318324052,0.08851506321367374,5
88099b5b1dfffff,-0.020337231432001668,-0.40324239384951055,-0.435133626314376,-0.03257965390067441,0.46333539774566135,5
88099b5b23fffff,-0.31920453942945026,-0.8193017092957262,-0.19526471769408804,0.2770283650155615,-0.03393103753739646,5
88099b5b29fffff,-0.5714707286362015,-0.9216525343966708,-0.19849250818758304,0.5785455641678527,-0.016996919023204604,5
88099b5b2dfffff,-0.45492069071039404,-0.6367833812791757,-0.29207096584702125,0.4292236989647617,-0.3920655279591544,5
88099b5b31fffff,-0.17414428480216576,-1.1335746204090444,-0.35639904708254533,0.07573356376413476,0.18187920717026834,5
88099b5b33fffff,-0.17731624221432185,-1.2128394761582715,-0.36900537784961696,0.022003927371236576,0.24633656795990821,5
88099b5b39fffff,-0.07637014405212711,-1.2004382126677395,-0.09685745271516949,0.16067400649390862,0.19749597511039393,5
88099b5b3dfffff,-0.2695418904750693,-1.1038822999430415,-0.1322372299075586,0.20676015017826,0.19403127779106838,5
88099b5b41fffff,-0.22833614486201387,-0.457722327515247,-0.7182607126778314,1.1347867233792317,0.3243220697915385,0
88099b5b43fffff,-0.249598432570165,-0.5903039261908894,-0.2740375974666074,0.7738980957581921,0.41902638517971713,0
88099b5b49fffff,0.02885395196036336,-0.13805862162660876,-0.8582758535414037,0.966828051044301,-0.2305621339935241,0
88099b5b4bfffff,-0.1280278471771411,-0.21661407269788402,-0.8480817189710308,1.2220206233030613,0.21704652353547288,0
88099b5b4dfffff,-0.2111803077940051,-0.5953115078141621,-0.4323360040131432,1.2123757047850197,-0.17476109549534258,7
88099b5b51fffff,-0.16827778564749069,-0.1852836956832194,-0.386669922636549,0.3308221439967056,0.5498260154382619,0
88099b5b53fffff,-0.023370573722994115,-0.18581545761651125,-0.47580815151891903,0.22879813972915453,0.49051978953589803,0
88099b5b57fffff,-0.10779438087034349,-0.10113430039705201,-0.6659192617345108,0.18663950996280676,0.615164493530641,0
88099b5b59fffff,-0.351495705145341,0.36793859295572445,-0.6153547702653668,0.5183153269038806,0.7943248830206653,0
88099b5b5bfffff,-0.39811147181780854,0.06795667712650577,-0.4834193966469222,0.5710504774781864,0.6718269943226927,0
88099b5b5dfffff,-0.09127912290169016,-0.08493758363079587,-0.6968842964029115,0.7195637863148454,0.5062132371453372,0
88099b5b61fffff,-0.40603565021334814,-0.888998589408001,0.14289925445302054,0.4833736103795045,-0.3041008006912812,5
88099b5b63fffff,-0.37499984094421157,-1.172825196583952,0.10267842668991778,0.7958986857133239,-0.11224080735305092,7
88099b5b65fffff,-0.4396502713919695,-0.377027976728907,-0.1663822813507069,0.41323240380210813,-0.5105495076118419,2
88099b5b67fffff,-0.4232590933103967,-0.9197300688792374,-0.08562974470600512,0.6041299249873193,-0.1675653669745028,5
88099b5b6bfffff,-0.4632057395790395,-0.8800101040236988,0.080100783598967,0.57529338121616,0.16155136915404214,5
88099b5b6dfffff,-0.37825091349648354,-0.4024609775909632,-0.2216832924878468,0.5838866211991357,-0.6953226408665072,2
88099bc8a3fffff,-0.39855010106281097,-1.4477056929472787,1.2370599873367676,2.891570537985266,0.6713131997008406,7
88099bc8a7fffff,-0.5926353928909571,-1.2215656190928894,1.4527538940610973,2.6222900101084248,0.42457255557004875,7
88099bc8a9fffff,-0.2924554110415678,-1.581950088032198,1.5317214485197528,2.975676752520262,0.1865287663939803,7
88099bc8abfffff,-0.2305256401277292,-1.6779560876178308,1.7334869356831386,2.7150487751217653,0.37501577184431534,7
88099bc8adfffff,-0.67343821433548,-1.4853718585724174,1.824009254441477,3.0196407116342145,0.7038146648551733,7
88099bc8b5fffff,-0.960220566007363,-1.1665825763601791,1.386771415247227,3.0217333975149545,0.18404332938832568,7
88099bc8b7fffff,-0.5217616451775318,-0.9747726270598738,1.0053456703765338,2.5930429816672955,0.39713963093212296,7
88099bc983fffff,-0.6335006900327682,-0.04199701331714739,0.5533761007339102,1.7027138884228021,0.6939409818111946,7
88099bc989fffff,-0.3093016070228169,0.38965058215080506,-0.682706259798086,2.924779958050898,0.46889138242766415,7
88099bc98dfffff,-0.16464317369871764,-0.07997019525183147,0.5407505604489815,2.7179933629291115,-0.2166475434416948,7
88099bc993fffff,-1.1208105010149971,-0.6844383314861762,1.417889648051545,3.1837668214221297,0.825716712989232,7
88099bc995fffff,-1.0127994830200988,0.21069807717824732,0.8214370775373009,1.7273732558231343,0.9418544987880262,7
88099bc99bfffff,-0.8009072758232936,-0.9971496789419543,1.5688532736615197,2.648512207960362,0.45932018741813985,7
88099bc99dfffff,-0.7687304238109401,-0.588199289963094,0.9897853961536852,2.775813989834986,0.54728882747707,7
88099bc9a1fffff,-0.7153696133798876,0.014436936408911194,2.1151092806428116,2.301885163556287,-0.22639127309891005,7
88099bc9a3fffff,-0.2533657988666287,-0.129191315770105,1.057840360789537,2.304604257159513,-0.24623420389112033,7
88099bc9a5fffff,-0.38692029490808155,-0.49940218214786275,1.6122260343294061,2.371352883079338,-0.3281453452520764,7
88099bc9a7fffff,-0.4816728848740726,0.015127038419239125,1.6685447657407306,2.4464348471755604,-0.0666576393583525,7
88099bc9a9fffff,-0.5961120338790529,0.38560173070094866,1.064570929235928,2.340145870680879,-0.2865534689894644,7
88099bc9abfffff,-0.2570517385613222,-0.15384313824107976,1.2035602420337992,2.467709195639734,-0.2367657106943129,7
88099bc9adfffff,-0.3930829442695302,-0.1227177051416628,1.5204249223900672,2.437562900319894,-0.349466458121308,7
88099bc9b1fffff,-0.403666184459013,0.22243541711317039,0.20223586807900157,1.6233386119197577,0.5701437589087366,7
88099bc9b3fffff,-0.49591835446740984,-0.1540718327746302,0.5865940371313108,1.643987666572327,0.8479209290536773,7
88099bc9b5fffff,-1.030562727804314,0.3751289190383332,0.7558503619235224,2.073575975206598,0.5332075368773977,7
88099bc9b7fffff,-0.891623378421667,1.2305294297029694,-0.09535712379266001,1.4923070599465842,0.9177251592026926,0
88099bc9b9fffff,-1.0212163128332619,0.5527200830619015,0.41890466636661894,2.038346952230647,0.941516693804104,7
88099bc9bbfffff,-1.139488331736001,0.5758430207420886,-0.04835963079069541,2.020280285849425,0.8269043982261653,7
88099bc9d3fffff,-0.5297728785147222,-1.2985024603288808,1.4676625830500538,3.0679204570916667,0.593160088000319,7
88099bc9d7fffff,-0.8129527362594229,-0.47090801465456,0.7502335815867938,2.8070157658742927,0.7148421701572861,7
88099bc9e3fffff,-0.04078967456720484,-0.19035715284549087,0.4104888021927863,2.588494159619687,-0.09325907403140332,7
88099bcd21fffff,-0.15209488707368693,-1.1978840020757175,-0.04187877632232499,1.5180609395727236,0.6081335702343722,7
88099bcd23fffff,-0.23135791190087152,-0.8133300078684299,-0.3751641009619292,1.4973558546099064,0.5847281089130963,7
88099bcd27fffff,-0.21986730301422497,-0.8426965455657762,-0.34490747679100464,1.4678547953252876,0.5695266956470546,7
88099bcd2dfffff,-0.13662833809106611,-1.2754593525984943,0.24904912454629924,1.7779920046712372,0.680874118903184,7
88099bcd35fffff,-0.37798717054835795,-0.7624080924932388,-0.3204082927480543,1.590865682860361,0.6037808110299199,7
